transaction_id,cust_id,tran_date,prod_subcat_code,prod_cat_code,Qty,Rate,Tax,total_amt,Store_type,prod_cat,prod_subcat,DOB,Gender,city_code
77960931771,271961,2011-01-25,11,5,1,447,46.935,493.935,TeleShop,Books,Children,15-01-1982,M,1
40669483382,273676,2011-01-26,3,2,1,1327,139.335,1466.335,Flagship store,Footwear,Women,02-12-1978,M,1
2390580555,268492,2011-01-26,4,4,1,999,104.895,1103.895,TeleShop,Bags,Women,17-02-1975,M,1
13712428324,268467,2011-01-26,10,3,1,1195,125.475,1320.475,e-Shop,Electronics,Audio and video,20-02-1980,M,1
85339899934,269269,2011-01-29,4,2,4,454,190.68,2006.68,e-Shop,Footwear,Kids,04-02-1981,M,1
18603942404,266856,2011-02-13,10,5,4,304,127.68,1343.68,MBR,Books,Non-Fiction,11-10-1985,M,1
4023933952,270270,2011-02-15,1,4,5,-1128,592.2,6232.2,Flagship store,Bags,Men,05-03-1980,M,1
7495362443,269192,2011-02-16,1,1,5,336,176.4,1856.4,Flagship store,Clothing,Women,06-07-1984,M,1
90667600281,266849,2011-02-16,4,2,5,1377,722.925,7607.925,Flagship store,Footwear,Kids,12-10-1979,M,1
32472950342,274064,2011-02-17,1,2,1,1303,136.815,1439.815,e-Shop,Footwear,Men,12-05-1987,M,1
70596678983,268008,2011-02-17,10,5,4,1320,554.4,5834.4,Flagship store,Books,Non-Fiction,10-06-1983,M,1
66193644230,275119,2011-02-19,11,6,1,1230,129.15,1359.15,Flagship store,Home and kitchen,Bath,13-06-1989,M,1
41946637727,268777,2011-02-20,3,5,5,136,71.4,751.4,e-Shop,Books,Comics,19-07-1985,M,1
34958490122,266849,2011-02-20,12,6,4,1155,485.1,5105.1,e-Shop,Home and kitchen,Tools,12-10-1979,M,1
28290821119,274288,2011-02-21,11,5,2,560,117.6,1237.6,e-Shop,Books,Children,15-03-1987,M,1
34996753797,267904,2011-02-22,1,4,3,1134,357.21,3759.21,e-Shop,Bags,Men,04-12-1990,M,1
27692840053,270764,2011-02-23,1,1,4,560,235.2,2475.2,TeleShop,Clothing,Women,11-07-1971,M,1
39265193468,271972,2011-02-24,4,3,3,480,151.2,1591.2,MBR,Electronics,Mobiles,04-09-1989,M,1
95608465253,271775,2011-02-24,2,6,3,1278,402.57,4236.57,e-Shop,Home and kitchen,Furnishing,17-11-1987,M,1
50293339079,268995,2011-02-25,1,1,1,1141,119.805,1260.805,Flagship store,Clothing,Women,04-07-1976,M,1
15608922545,270565,2011-02-26,6,5,2,548,115.08,1211.08,e-Shop,Books,DIY,14-09-1976,M,1
97592011258,266856,2011-02-26,9,3,3,585,184.275,1939.275,e-Shop,Electronics,Cameras,11-10-1985,M,1
53455963738,270047,2011-02-27,11,6,2,876,183.96,1935.96,e-Shop,Home and kitchen,Bath,10-06-1970,M,1
53797529084,269050,2011-02-28,11,5,4,485,203.7,2143.7,e-Shop,Books,Children,15-09-1984,M,1
99867674622,273575,2011-03-17,4,3,5,166,87.15,917.15,e-Shop,Electronics,Mobiles,27-07-1970,M,1
21618763773,268250,2011-03-18,4,2,2,742,155.82,1639.82,e-Shop,Footwear,Kids,14-05-1988,M,1
80753102512,274582,2011-03-22,10,6,2,390,81.9,861.9,MBR,Home and kitchen,Kitchen,20-10-1976,M,1
77560123700,269454,2011-03-22,4,1,5,889,466.725,4911.725,TeleShop,Clothing,Men,26-04-1987,M,1
39370632665,272054,2011-03-25,4,4,5,1480,777.0,8177.0,e-Shop,Bags,Women,03-07-1973,M,1
35636091255,271349,2011-03-26,11,6,3,880,277.2,2917.2,TeleShop,Home and kitchen,Bath,29-08-1989,M,1
80576250863,269122,2011-03-26,11,5,5,937,491.925,5176.925,e-Shop,Books,Children,20-02-1975,M,1
33234787689,274972,2011-03-28,12,6,4,1105,464.1,4884.1,e-Shop,Home and kitchen,Tools,18-12-1986,M,1
65129254202,270565,2011-03-28,2,6,4,905,380.1,4000.1,Flagship store,Home and kitchen,Furnishing,14-09-1976,M,1
37453655286,268467,2011-03-31,8,3,1,571,59.955,630.955,MBR,Electronics,Personal Appliances,20-02-1980,M,1
17297427776,271940,2011-04-13,10,3,2,995,208.95,2198.95,TeleShop,Electronics,Audio and video,16-09-1990,M,1
49156260237,268920,2011-04-14,9,3,4,1397,586.74,6174.74,TeleShop,Electronics,Cameras,07-04-1972,M,1
59535160183,271030,2011-04-15,4,2,3,573,180.495,1899.495,e-Shop,Footwear,Kids,05-07-1979,M,1
54804868993,273547,2011-04-15,3,5,5,654,343.35,3613.35,Flagship store,Books,Comics,05-11-1977,M,1
58059941820,274398,2011-04-17,10,3,4,993,417.06,4389.06,MBR,Electronics,Audio and video,10-12-1990,M,1
2479627169,272485,2011-04-18,1,4,3,794,250.11,2632.11,e-Shop,Bags,Men,05-06-1987,M,1
55344602647,272730,2011-04-20,4,3,2,1327,278.67,2932.67,Flagship store,Electronics,Mobiles,03-06-1974,M,1
98279339069,274625,2011-04-22,12,6,4,676,283.92,2987.92,TeleShop,Home and kitchen,Tools,28-07-1980,M,1
74709972926,269146,2011-04-22,1,4,4,1431,601.02,6325.02,TeleShop,Bags,Men,21-10-1984,M,1
67234995437,269001,2011-04-24,4,2,4,486,204.12,2148.12,TeleShop,Footwear,Kids,28-08-1976,M,1
79352788934,270998,2011-04-24,4,2,5,86,45.15,475.15,Flagship store,Footwear,Kids,24-04-1985,M,1
36833703620,269589,2011-04-25,11,5,2,333,69.93,735.93,MBR,Books,Children,27-05-1977,M,1
57691270684,271510,2011-04-26,11,5,5,1000,525.0,5525.0,e-Shop,Books,Children,20-07-1976,M,1
95204035493,274549,2011-04-27,3,1,3,273,85.995,904.995,Flagship store,Clothing,Kids,13-05-1971,M,1
7269964955,274313,2011-04-27,12,6,4,902,378.84,3986.84,e-Shop,Home and kitchen,Tools,22-06-1975,M,1
25276645179,272757,2011-04-28,9,3,3,202,63.63,669.63,e-Shop,Electronics,Cameras,11-05-1985,M,1
16945830069,273575,2011-04-29,10,3,4,798,335.16,3527.16,e-Shop,Electronics,Audio and video,27-07-1970,M,1
66848708711,269122,2011-05-13,10,3,1,431,45.255,476.255,e-Shop,Electronics,Audio and video,20-02-1975,M,1
81773984567,274463,2011-05-15,12,6,2,1057,221.97,2335.97,MBR,Home and kitchen,Tools,21-02-1991,M,1
90183541144,268136,2011-05-17,10,6,3,1290,406.35,4276.35,e-Shop,Home and kitchen,Kitchen,13-09-1974,M,1
66575159260,269454,2011-05-19,4,1,1,1305,137.025,1442.025,Flagship store,Clothing,Men,26-04-1987,M,1
53636777342,274582,2011-05-22,6,5,1,1239,130.095,1369.095,MBR,Books,DIY,20-10-1976,M,1
15939893279,274816,2011-05-24,1,1,5,264,138.6,1458.6,e-Shop,Clothing,Women,06-09-1988,M,1
50125157043,273733,2011-05-27,4,4,2,127,26.67,280.67,MBR,Bags,Women,25-08-1990,M,1
42624471605,275031,2011-05-28,11,5,1,1346,141.33,1487.33,e-Shop,Books,Children,11-03-1977,M,1
92815705204,274881,2011-05-28,9,3,3,370,116.55,1226.55,e-Shop,Electronics,Cameras,27-04-1977,M,1
98916102641,269134,2011-06-14,5,3,1,866,90.93,956.93,Flagship store,Electronics,Computers,10-09-1985,M,1
71800840317,268100,2011-06-15,3,2,4,255,107.1,1127.1,MBR,Footwear,Women,26-02-1991,M,1
60308083838,267156,2011-06-17,3,2,4,1295,543.9,5723.9,Flagship store,Footwear,Women,02-10-1991,M,1
22145352025,268715,2011-06-19,6,5,5,914,479.85,5049.85,TeleShop,Books,DIY,27-02-1988,M,1
96892547017,274854,2011-06-21,3,2,5,1500,787.5,8287.5,e-Shop,Footwear,Women,07-02-1978,M,1
95926449683,274605,2011-06-22,4,1,5,1388,728.7,7668.7,e-Shop,Clothing,Men,03-12-1992,M,1
86124031316,271687,2011-06-23,1,4,3,761,239.715,2522.715,TeleShop,Bags,Men,08-08-1989,M,1
94252471276,268371,2011-06-24,7,5,1,558,58.59,616.59,Flagship store,Books,Fiction,05-01-1982,M,1
50867261145,268656,2011-06-25,8,3,1,1451,152.355,1603.355,e-Shop,Electronics,Personal Appliances,01-04-1986,M,1
25603164710,269481,2011-06-25,2,6,5,849,445.725,4690.725,MBR,Home and kitchen,Furnishing,17-11-1981,M,1
8820674956,267149,2011-06-26,6,5,5,801,420.525,4425.525,Flagship store,Books,DIY,29-12-1990,M,1
47425618814,270095,2011-06-29,4,3,2,697,146.37,1540.37,e-Shop,Electronics,Mobiles,02-11-1985,M,1
17886529821,269657,2011-06-30,12,6,2,769,161.49,1699.49,TeleShop,Home and kitchen,Tools,02-08-1983,M,1
50949440858,269286,2011-07-13,7,5,1,1098,115.29,1213.29,e-Shop,Books,Fiction,24-03-1986,M,1
43962341567,269181,2011-07-13,4,4,3,-987,310.905,3271.905,MBR,Bags,Women,14-05-1985,M,1
39795680971,267891,2011-07-15,2,6,1,834,87.57,921.57,Flagship store,Home and kitchen,Furnishing,19-06-1989,M,1
3067210208,274582,2011-07-16,1,4,2,1161,243.81,2565.81,Flagship store,Bags,Men,20-10-1976,M,1
30666176550,271714,2011-07-16,7,5,1,446,46.83,492.83,e-Shop,Books,Fiction,01-01-1990,M,1
94025765618,272858,2011-07-16,11,5,1,314,32.97,346.97,MBR,Books,Children,01-11-1990,M,1
13421034766,269362,2011-07-21,6,5,1,902,94.71,996.71,Flagship store,Books,DIY,18-08-1984,M,1
89278318131,269692,2011-07-21,1,4,5,1018,534.45,5624.45,Flagship store,Bags,Men,23-09-1988,M,1
21269588634,274854,2011-07-23,2,6,4,558,234.36,2466.36,e-Shop,Home and kitchen,Furnishing,07-02-1978,M,1
21026865538,274902,2011-07-23,1,2,4,843,354.06,3726.06,MBR,Footwear,Men,07-01-1981,M,1
98680579923,269192,2011-07-23,7,5,2,106,22.26,234.26,Flagship store,Books,Fiction,06-07-1984,M,1
1838539818,267904,2011-07-25,4,1,5,1014,532.35,5602.35,e-Shop,Clothing,Men,04-12-1990,M,1
91703354155,274363,2011-07-25,4,3,1,1476,154.98,1630.98,e-Shop,Electronics,Mobiles,28-06-1973,M,1
82675836985,267330,2011-07-26,1,4,4,751,315.42,3319.42,e-Shop,Bags,Men,20-06-1989,M,1
68384621403,268136,2011-07-26,4,2,2,368,77.28,813.28,e-Shop,Footwear,Kids,13-09-1974,M,1
83504879429,273586,2011-07-27,2,6,5,1055,553.875,5828.875,TeleShop,Home and kitchen,Furnishing,26-05-1977,M,1
66523195807,268886,2011-07-28,12,5,4,351,147.42,1551.42,TeleShop,Books,Academic,03-08-1992,M,1
51922853375,268288,2011-07-29,2,6,1,711,74.655,785.655,Flagship store,Home and kitchen,Furnishing,03-04-1991,M,1
9185929299,269692,2011-07-30,1,2,4,526,220.92,2324.92,TeleShop,Footwear,Men,23-09-1988,M,1
44566096268,266830,2011-07-31,1,2,5,667,350.175,3685.175,e-Shop,Footwear,Men,13-05-1985,M,1
9166069289,271863,2011-08-15,11,6,4,1280,537.6,5657.6,MBR,Home and kitchen,Bath,19-08-1971,M,1
65467518006,271653,2011-08-15,11,5,2,141,29.61,311.61,Flagship store,Books,Children,01-02-1988,M,1
87457243312,272130,2011-08-15,11,6,5,879,461.475,4856.475,e-Shop,Home and kitchen,Bath,24-06-1987,M,1
25934510994,273733,2011-08-16,2,6,2,233,48.93,514.93,e-Shop,Home and kitchen,Furnishing,25-08-1990,M,1
81237253826,272757,2011-08-16,3,2,5,922,484.05,5094.05,TeleShop,Footwear,Women,11-05-1985,M,1
39518917708,273243,2011-08-18,1,1,1,169,17.745,186.745,e-Shop,Clothing,Women,16-03-1992,M,1
46126518942,274972,2011-08-21,7,5,2,176,36.96,388.96,TeleShop,Books,Fiction,18-12-1986,M,1
69417825690,268760,2011-08-22,7,5,2,860,180.6,1900.6,MBR,Books,Fiction,01-11-1982,M,1
49703639849,270983,2011-08-23,4,3,4,1148,482.16,5074.16,e-Shop,Electronics,Mobiles,22-08-1979,M,1
92496038296,269001,2011-08-24,1,2,1,1279,134.295,1413.295,e-Shop,Footwear,Men,28-08-1976,M,1
49703639849,270983,2011-08-26,4,3,4,-1148,482.16,5074.16,e-Shop,Electronics,Mobiles,22-08-1979,M,1
42458949440,266990,2011-08-26,2,6,3,813,256.095,2695.095,TeleShop,Home and kitchen,Furnishing,08-04-1984,M,1
65058387022,271200,2011-08-26,12,6,1,682,71.61,753.61,MBR,Home and kitchen,Tools,20-02-1986,M,1
69417825690,268760,2011-08-26,7,5,2,-860,180.6,1900.6,MBR,Books,Fiction,01-11-1982,M,1
23660419048,267286,2011-08-27,11,5,2,1163,244.23,2570.23,Flagship store,Books,Children,24-11-1979,M,1
12771070044,267713,2011-08-27,6,5,3,1424,448.56,4720.56,e-Shop,Books,DIY,03-09-1970,M,1
10382536108,268804,2011-08-28,4,2,3,1140,359.1,3779.1,MBR,Footwear,Kids,19-05-1987,M,1
62378483697,268920,2011-08-29,12,6,3,389,122.535,1289.535,e-Shop,Home and kitchen,Tools,07-04-1972,M,1
40279054091,267904,2011-08-31,12,5,5,1037,544.425,5729.425,e-Shop,Books,Academic,04-12-1990,M,1
78460571312,270270,2011-08-31,3,2,4,233,97.86,1029.86,TeleShop,Footwear,Women,05-03-1980,M,1
32448535705,266858,2011-09-13,6,5,2,296,62.16,654.16,MBR,Books,DIY,25-02-1987,M,1
65389092724,268835,2011-09-17,11,5,1,1440,151.2,1591.2,Flagship store,Books,Children,23-06-1986,M,1
36314665853,267555,2011-09-18,4,4,5,-1304,684.6,7204.6,MBR,Bags,Women,22-11-1984,M,1
34754298902,274549,2011-09-19,12,6,3,1130,355.95,3745.95,MBR,Home and kitchen,Tools,13-05-1971,M,1
52953617614,272485,2011-09-20,11,6,5,866,454.65,4784.65,MBR,Home and kitchen,Bath,05-06-1987,M,1
54453493885,274022,2011-09-20,11,6,3,1490,469.35,4939.35,Flagship store,Home and kitchen,Bath,22-11-1981,M,1
66186809719,270706,2011-09-20,4,2,1,818,85.89,903.89,TeleShop,Footwear,Kids,24-11-1972,M,1
55601343656,273586,2011-09-21,1,2,3,854,269.01,2831.01,Flagship store,Footwear,Men,26-05-1977,M,1
52432507979,270258,2011-09-24,12,6,3,574,180.81,1902.81,Flagship store,Home and kitchen,Tools,16-04-1978,M,1
95923594000,274650,2011-09-24,12,6,5,1076,564.9,5944.9,MBR,Home and kitchen,Tools,04-12-1986,M,1
73025375187,267330,2011-09-24,11,5,1,199,20.895,219.895,MBR,Books,Children,20-06-1989,M,1
30980131986,271940,2011-09-25,1,2,5,1026,538.65,5668.65,e-Shop,Footwear,Men,16-09-1990,M,1
14741189751,266952,2011-10-14,10,5,4,976,409.92,4313.92,e-Shop,Books,Non-Fiction,26-06-1975,M,1
41657791843,269521,2011-10-15,4,1,5,1089,571.725,6016.725,e-Shop,Clothing,Men,15-12-1983,M,1
56048601427,272289,2011-10-17,3,5,3,886,279.09,2937.09,MBR,Books,Comics,14-06-1987,M,1
41963680870,267325,2011-10-17,10,5,3,908,286.02,3010.02,MBR,Books,Non-Fiction,05-07-1981,M,1
33412509944,271349,2011-10-18,10,6,4,253,106.26,1118.26,Flagship store,Home and kitchen,Kitchen,29-08-1989,M,1
91437656068,271014,2011-10-20,4,1,5,1142,599.55,6309.55,TeleShop,Clothing,Men,02-07-1987,M,1
32668638480,271687,2011-10-23,2,6,4,394,165.48,1741.48,MBR,Home and kitchen,Furnishing,08-08-1989,M,1
38629006507,273243,2011-10-23,1,1,3,1376,433.44,4561.44,TeleShop,Clothing,Women,16-03-1992,M,1
20540353716,268371,2011-10-23,3,1,1,1081,113.505,1194.505,e-Shop,Clothing,Kids,05-01-1982,M,1
5126231833,269145,2011-10-24,8,3,2,264,55.44,583.44,MBR,Electronics,Personal Appliances,04-12-1992,M,1
56821620683,268187,2011-10-24,4,3,1,740,77.7,817.7,e-Shop,Electronics,Mobiles,24-10-1973,M,1
246768105,274608,2011-10-27,10,3,5,1446,759.15,7989.15,TeleShop,Electronics,Audio and video,23-11-1985,M,1
55748585277,273187,2011-10-29,9,3,4,1185,497.7,5237.7,e-Shop,Electronics,Cameras,22-01-1984,M,1
56797081421,274972,2011-10-30,9,3,1,502,52.71,554.71,Flagship store,Electronics,Cameras,18-12-1986,M,1
64147152662,274496,2011-10-31,1,2,5,1392,730.8,7690.8,e-Shop,Footwear,Men,11-01-1974,M,1
39702670187,271516,2011-11-13,4,2,4,1298,545.16,5737.16,MBR,Footwear,Kids,12-06-1987,M,1
49893012354,274441,2011-11-13,11,6,1,505,53.025,558.025,TeleShop,Home and kitchen,Bath,22-03-1971,M,1
35284055788,271510,2011-11-14,10,6,3,90,28.35,298.35,TeleShop,Home and kitchen,Kitchen,20-07-1976,M,1
69183917270,268100,2011-11-14,4,2,1,996,104.58,1100.58,Flagship store,Footwear,Kids,26-02-1991,M,1
39702670187,271516,2011-11-15,4,2,4,-1298,545.16,5737.16,MBR,Footwear,Kids,12-06-1987,M,1
39190881483,267713,2011-11-16,11,5,2,722,151.62,1595.62,e-Shop,Books,Children,03-09-1970,M,1
62324828066,274460,2011-11-17,10,6,1,582,61.11,643.11,e-Shop,Home and kitchen,Kitchen,20-07-1976,M,1
97199743948,272555,2011-11-17,9,3,2,863,181.23,1907.23,MBR,Electronics,Cameras,03-05-1970,M,1
65844276736,273787,2011-11-18,1,1,5,1409,739.725,7784.725,MBR,Clothing,Women,24-10-1983,M,1
10443896254,274398,2011-11-19,1,1,3,1439,453.285,4770.285,e-Shop,Clothing,Women,10-12-1990,M,1
47899954282,274288,2011-11-19,4,4,2,1292,271.32,2855.32,TeleShop,Bags,Women,15-03-1987,M,1
1575758422,271961,2011-11-19,1,1,4,842,353.64,3721.64,e-Shop,Clothing,Women,15-01-1982,M,1
37280279414,268073,2011-11-19,6,5,5,1440,756.0,7956.0,MBR,Books,DIY,11-01-1970,M,1
85982943858,268773,2011-11-21,4,2,2,221,46.41,488.41,e-Shop,Footwear,Kids,08-02-1988,M,1
82442942261,270705,2011-11-22,5,3,4,465,195.3,2055.3,e-Shop,Electronics,Computers,27-11-1984,M,1
78957118391,274101,2011-11-24,3,2,3,1464,461.16,4853.16,MBR,Footwear,Women,01-02-1971,M,1
60903404107,269691,2011-11-25,3,1,3,1382,435.33,4581.33,TeleShop,Clothing,Kids,08-05-1974,M,1
49417073438,271014,2011-11-26,5,3,3,992,312.48,3288.48,TeleShop,Electronics,Computers,02-07-1987,M,1
33782642514,270047,2011-11-27,1,4,1,494,51.87,545.87,Flagship store,Bags,Men,10-06-1970,M,1
38803916621,270955,2011-11-27,1,1,3,943,297.045,3126.045,MBR,Clothing,Women,05-05-1973,M,1
49417073438,271014,2011-11-28,5,3,3,-992,312.48,3288.48,TeleShop,Electronics,Computers,02-07-1987,M,1
61588148578,268136,2011-11-28,6,5,3,452,142.38,1498.38,Flagship store,Books,DIY,13-09-1974,M,1
36866482185,272858,2011-11-30,5,3,3,371,116.865,1229.865,MBR,Electronics,Computers,01-11-1990,M,1
96871067311,267748,2011-11-30,10,5,1,680,71.4,751.4,MBR,Books,Non-Fiction,29-05-1981,M,1
12529724039,274959,2011-12-13,4,1,4,306,128.52,1352.52,e-Shop,Clothing,Men,28-03-1981,M,1
10165711925,270872,2011-12-14,3,5,1,603,63.315,666.315,Flagship store,Books,Comics,10-03-1975,M,1
85602831056,271476,2011-12-14,10,3,1,89,9.345,98.345,Flagship store,Electronics,Audio and video,05-08-1984,M,1
16538923601,268920,2011-12-15,12,6,5,218,114.45,1204.45,TeleShop,Home and kitchen,Tools,07-04-1972,M,1
16892285259,273285,2011-12-17,3,5,3,1063,334.845,3523.845,e-Shop,Books,Comics,22-06-1981,M,1
51306335911,274919,2011-12-17,5,3,2,1290,270.9,2850.9,e-Shop,Electronics,Computers,05-02-1982,M,1
44125492691,274748,2011-12-19,3,2,5,-767,402.675,4237.675,e-Shop,Footwear,Women,22-06-1991,M,1
44125492691,274748,2011-12-19,3,2,5,-767,402.675,4237.675,e-Shop,Footwear,Women,22-06-1991,M,1
76317202572,271510,2011-12-21,9,3,5,161,84.525,889.525,MBR,Electronics,Cameras,20-07-1976,M,1
67952181235,270047,2011-12-22,4,3,1,371,38.955,409.955,Flagship store,Electronics,Mobiles,10-06-1970,M,1
35086417483,271543,2011-12-24,3,1,4,1335,560.7,5900.7,MBR,Clothing,Kids,20-12-1973,M,1
21919886726,269691,2011-12-24,3,5,4,310,130.2,1370.2,MBR,Books,Comics,08-05-1974,M,1
48883154531,268995,2011-12-28,2,6,2,489,102.69,1080.69,e-Shop,Home and kitchen,Furnishing,04-07-1976,M,1
41837554674,273081,2011-12-28,3,5,5,886,465.15,4895.15,MBR,Books,Comics,05-03-1991,M,1
35086417483,271543,2011-12-29,3,1,4,-1335,560.7,5900.7,MBR,Clothing,Kids,20-12-1973,M,1
80482431373,269966,2011-12-29,3,2,2,277,58.17,612.17,e-Shop,Footwear,Women,13-12-1981,M,1
35086417483,271543,2011-12-30,3,1,4,-1335,560.7,5900.7,MBR,Clothing,Kids,20-12-1973,M,1
66203413364,268656,2011-12-31,2,6,2,1283,269.43,2835.43,TeleShop,Home and kitchen,Furnishing,01-04-1986,M,1
78068375988,271775,2011-12-31,5,3,5,1178,618.45,6508.45,TeleShop,Electronics,Computers,17-11-1987,M,1
35139439601,274650,2012-01-13,4,2,3,-1287,405.405,4266.405,e-Shop,Footwear,Kids,04-12-1986,M,1
48359964795,269691,2012-01-14,2,6,4,641,269.22,2833.22,e-Shop,Home and kitchen,Furnishing,08-05-1974,M,1
91037485311,274331,2012-01-14,4,1,4,1107,464.94,4892.94,e-Shop,Clothing,Men,11-01-1989,M,1
12874035674,274902,2012-01-16,12,6,1,900,94.5,994.5,TeleShop,Home and kitchen,Tools,07-01-1981,M,1
43024148515,270945,2012-01-17,11,5,4,453,190.26,2002.26,TeleShop,Books,Children,23-11-1970,M,1
51379166611,273308,2012-01-18,4,2,1,169,17.745,186.745,e-Shop,Footwear,Kids,28-11-1972,M,1
78518789721,271337,2012-01-18,7,5,1,1151,120.855,1271.855,Flagship store,Books,Fiction,17-08-1980,M,1
44442547666,271593,2012-01-20,10,3,1,1471,154.455,1625.455,e-Shop,Electronics,Audio and video,18-09-1977,M,1
17215993973,271972,2012-01-20,3,5,3,588,185.22,1949.22,Flagship store,Books,Comics,04-09-1989,M,1
51041288065,273346,2012-01-21,4,2,2,1247,261.87,2755.87,e-Shop,Footwear,Kids,22-07-1989,M,1
84435506679,273330,2012-01-23,1,2,1,375,39.375,414.375,e-Shop,Footwear,Men,13-07-1972,M,1
68033148936,268773,2012-01-24,7,5,1,827,86.835,913.835,e-Shop,Books,Fiction,08-02-1988,M,1
7164707032,268920,2012-01-25,7,5,5,1277,670.425,7055.425,e-Shop,Books,Fiction,07-04-1972,M,1
30723091621,269236,2012-01-25,10,3,3,1491,469.665,4942.665,e-Shop,Electronics,Audio and video,09-11-1978,M,1
61857139435,274022,2012-01-27,11,5,1,1039,109.095,1148.095,e-Shop,Books,Children,22-11-1981,M,1
52143303955,269001,2012-01-30,7,5,2,1193,250.53,2636.53,TeleShop,Books,Fiction,28-08-1976,M,1
80123205692,270240,2012-01-30,1,1,5,966,507.15,5337.15,MBR,Clothing,Women,07-12-1988,M,1
77928611233,268690,2012-02-13,12,6,1,1361,142.905,1503.905,e-Shop,Home and kitchen,Tools,16-07-1985,M,1
42427133297,269902,2012-02-14,9,3,2,462,97.02,1021.02,e-Shop,Electronics,Cameras,03-01-1984,M,1
4348418815,269476,2012-02-15,10,5,2,521,109.41,1151.41,MBR,Books,Non-Fiction,03-06-1976,M,1
5993653580,274101,2012-02-16,8,3,5,1216,638.4,6718.4,TeleShop,Electronics,Personal Appliances,01-02-1971,M,1
91841745056,267325,2012-02-18,11,6,4,675,283.5,2983.5,TeleShop,Home and kitchen,Bath,05-07-1981,M,1
11049709389,267325,2012-02-19,6,5,2,951,199.71,2101.71,e-Shop,Books,DIY,05-07-1981,M,1
2746457247,270983,2012-02-20,4,4,5,639,335.475,3530.475,e-Shop,Bags,Women,22-08-1979,M,1
16606016743,269050,2012-02-21,12,6,1,632,66.36,698.36,TeleShop,Home and kitchen,Tools,15-09-1984,M,1
45698582978,267792,2012-02-22,4,4,1,377,39.585,416.585,TeleShop,Bags,Women,07-06-1985,M,1
99338189161,268492,2012-02-26,8,3,1,1388,145.74,1533.74,e-Shop,Electronics,Personal Appliances,17-02-1975,M,1
39982042379,267974,2012-02-27,1,4,5,1459,765.975,8060.975,TeleShop,Bags,Men,12-10-1973,M,1
72998225490,271714,2012-02-29,1,4,3,1441,453.915,4776.915,Flagship store,Bags,Men,01-01-1990,M,1
23158860005,275031,2012-03-13,3,2,5,1389,729.225,7674.225,e-Shop,Footwear,Women,11-03-1977,M,1
28395260960,266841,2012-03-15,10,6,5,318,166.95,1756.95,TeleShop,Home and kitchen,Kitchen,02-03-1991,M,1
78791482221,268458,2012-03-16,8,3,1,1239,130.095,1369.095,Flagship store,Electronics,Personal Appliances,10-08-1976,M,1
98056912120,267156,2012-03-17,1,2,2,983,206.43,2172.43,e-Shop,Footwear,Men,02-10-1991,M,1
10803544817,274549,2012-03-18,11,6,4,110,46.2,486.2,MBR,Home and kitchen,Bath,13-05-1971,M,1
2959841501,266952,2012-03-19,1,2,4,999,419.58,4415.58,TeleShop,Footwear,Men,26-06-1975,M,1
52146198963,267555,2012-03-19,11,5,5,690,362.25,3812.25,TeleShop,Books,Children,22-11-1984,M,1
5767021228,268773,2012-03-21,11,5,4,429,180.18,1896.18,TeleShop,Books,Children,08-02-1988,M,1
25561103952,271014,2012-03-24,11,6,3,719,226.485,2383.485,MBR,Home and kitchen,Bath,02-07-1987,M,1
85100143624,267330,2012-03-26,11,5,1,1283,134.715,1417.715,Flagship store,Books,Children,20-06-1989,M,1
43689235937,273547,2012-03-26,3,1,4,1366,573.72,6037.72,MBR,Clothing,Kids,05-11-1977,M,1
68133628449,270234,2012-03-27,8,3,1,1097,115.185,1212.185,e-Shop,Electronics,Personal Appliances,26-12-1975,M,1
46891121865,273400,2012-03-28,12,6,3,125,39.375,414.375,TeleShop,Home and kitchen,Tools,15-04-1986,M,1
71570501261,269597,2012-03-30,7,5,1,463,48.615,511.615,e-Shop,Books,Fiction,18-08-1980,M,1
80387739201,267439,2012-03-30,11,6,3,1003,315.945,3324.945,e-Shop,Home and kitchen,Bath,27-08-1972,M,1
69431625250,267021,2012-03-31,6,5,3,1215,382.725,4027.725,e-Shop,Books,DIY,21-09-1982,M,1
57309488973,273633,2012-04-13,11,5,1,413,43.365,456.365,Flagship store,Books,Children,09-07-1975,M,1
53212639430,268995,2012-04-13,1,2,1,1122,117.81,1239.81,TeleShop,Footwear,Men,04-07-1976,M,1
15749479007,269038,2012-04-14,5,3,1,1304,136.92,1440.92,MBR,Electronics,Computers,17-11-1983,M,1
81455065091,269050,2012-04-15,3,5,2,270,56.7,596.7,e-Shop,Books,Comics,15-09-1984,M,1
87818330831,272963,2012-04-15,2,6,4,482,202.44,2130.44,e-Shop,Home and kitchen,Furnishing,22-09-1981,M,1
39021971712,267211,2012-04-18,1,4,5,567,297.675,3132.675,e-Shop,Bags,Men,15-01-1988,M,1
36757799009,272858,2012-04-18,1,1,4,481,202.02,2126.02,e-Shop,Clothing,Women,01-11-1990,M,1
1744439609,269038,2012-04-18,3,2,4,437,183.54,1931.54,e-Shop,Footwear,Women,17-11-1983,M,1
42139608424,273081,2012-04-20,12,5,1,139,14.595,153.595,TeleShop,Books,Academic,05-03-1991,M,1
79077749715,272450,2012-04-20,11,5,2,78,16.38,172.38,e-Shop,Books,Children,08-05-1986,M,1
84689759635,273243,2012-04-20,9,3,5,295,154.875,1629.875,MBR,Electronics,Cameras,16-03-1992,M,1
86176780041,267448,2012-04-22,11,6,1,733,76.965,809.965,e-Shop,Home and kitchen,Bath,07-07-1977,M,1
87818330831,272963,2012-04-23,2,6,4,-482,202.44,2130.44,e-Shop,Home and kitchen,Furnishing,22-09-1981,M,1
51422201546,274959,2012-04-24,3,5,4,642,269.64,2837.64,MBR,Books,Comics,28-03-1981,M,1
30920681441,273264,2012-04-25,2,6,1,1010,106.05,1116.05,TeleShop,Home and kitchen,Furnishing,03-02-1984,M,1
77124784055,274398,2012-04-25,4,4,4,540,226.8,2386.8,TeleShop,Bags,Women,10-12-1990,M,1
62028528979,271302,2012-04-26,3,5,5,1387,728.175,7663.175,e-Shop,Books,Comics,22-05-1987,M,1
7432831058,267439,2012-04-27,4,2,2,274,57.54,605.54,MBR,Footwear,Kids,27-08-1972,M,1
69994723675,275031,2012-04-27,10,5,2,1079,226.59,2384.59,Flagship store,Books,Non-Fiction,11-03-1977,M,1
39326032185,273906,2012-04-28,10,3,5,1160,609.0,6409.0,e-Shop,Electronics,Audio and video,18-12-1974,M,1
69312633535,270955,2012-04-28,9,3,3,1174,369.81,3891.81,e-Shop,Electronics,Cameras,05-05-1973,M,1
37410653457,274979,2012-04-30,9,3,2,1495,313.95,3303.95,MBR,Electronics,Cameras,27-09-1990,M,1
91128185478,270955,2012-05-13,5,3,5,569,298.725,3143.725,MBR,Electronics,Computers,05-05-1973,M,1
99547706002,271323,2012-05-13,3,2,4,-77,32.34,340.34,e-Shop,Footwear,Women,02-02-1971,M,1
46856146824,274816,2012-05-16,11,6,2,1410,296.1,3116.1,Flagship store,Home and kitchen,Bath,06-09-1988,M,1
51850602476,271961,2012-05-17,3,5,1,1296,136.08,1432.08,e-Shop,Books,Comics,15-01-1982,M,1
86928523204,267107,2012-05-18,3,1,5,382,200.55,2110.55,e-Shop,Clothing,Kids,27-07-1977,M,1
80746678505,267189,2012-05-18,11,6,1,1365,143.325,1508.325,TeleShop,Home and kitchen,Bath,23-05-1977,M,1
42048464761,266856,2012-05-23,3,2,2,1251,262.71,2764.71,TeleShop,Footwear,Women,11-10-1985,M,1
77600709985,267359,2012-05-24,1,2,3,626,197.19,2075.19,TeleShop,Footwear,Men,08-01-1971,M,1
92911379740,271030,2012-05-26,3,5,2,810,170.1,1790.1,e-Shop,Books,Comics,05-07-1979,M,1
35099589272,266856,2012-05-27,10,6,4,1035,434.7,4574.7,TeleShop,Home and kitchen,Kitchen,11-10-1985,M,1
31932070911,270706,2012-05-28,10,3,3,480,151.2,1591.2,e-Shop,Electronics,Audio and video,24-11-1972,M,1
20300153486,268649,2012-05-28,5,3,3,861,271.215,2854.215,Flagship store,Electronics,Computers,26-06-1983,M,1
49127243680,271687,2012-05-29,1,2,1,1013,106.365,1119.365,TeleShop,Footwear,Men,08-08-1989,M,1
42083492630,271314,2012-05-29,3,1,5,891,467.775,4922.775,TeleShop,Clothing,Kids,04-08-1974,M,1
95097935092,268886,2012-05-29,7,5,5,878,460.95,4850.95,Flagship store,Books,Fiction,03-08-1992,M,1
79607821410,267630,2012-05-29,9,3,4,113,47.46,499.46,e-Shop,Electronics,Cameras,25-07-1979,M,1
12995709503,268288,2012-06-13,11,6,5,718,376.95,3966.95,Flagship store,Home and kitchen,Bath,03-04-1991,M,1
60512068341,270357,2012-06-14,2,6,1,1238,129.99,1367.99,e-Shop,Home and kitchen,Furnishing,12-09-1982,M,1
55979067154,272953,2012-06-14,1,2,1,180,18.9,198.9,TeleShop,Footwear,Men,02-05-1972,M,1
29947042825,275225,2012-06-14,4,3,2,965,202.65,2132.65,e-Shop,Electronics,Mobiles,15-11-1978,M,1
50110833106,268172,2012-06-15,12,5,5,955,501.375,5276.375,e-Shop,Books,Academic,06-09-1973,M,1
29947042825,275225,2012-06-15,4,3,2,-965,202.65,2132.65,e-Shop,Electronics,Mobiles,15-11-1978,M,1
15800723162,271524,2012-06-15,3,5,3,1105,348.075,3663.075,e-Shop,Books,Comics,28-08-1987,M,1
88278701329,271543,2012-06-15,4,3,4,1309,549.78,5785.78,TeleShop,Electronics,Mobiles,20-12-1973,M,1
15959704269,275119,2012-06-16,3,1,1,1391,146.055,1537.055,TeleShop,Clothing,Kids,13-06-1989,M,1
92187121975,274415,2012-06-16,5,3,5,-1440,756.0,7956.0,MBR,Electronics,Computers,22-05-1981,M,1
64532272768,270872,2012-06-16,8,3,1,1423,149.415,1572.415,e-Shop,Electronics,Personal Appliances,10-03-1975,M,1
36004814838,274366,2012-06-19,10,5,2,718,150.78,1586.78,e-Shop,Books,Non-Fiction,12-12-1975,M,1
23176812880,268392,2012-06-19,7,5,1,1464,153.72,1617.72,e-Shop,Books,Fiction,13-09-1987,M,1
92187121975,274415,2012-06-19,5,3,5,-1440,756.0,7956.0,MBR,Electronics,Computers,22-05-1981,M,1
65375298613,270182,2012-06-19,12,5,5,914,479.85,5049.85,TeleShop,Books,Academic,17-07-1975,M,1
13819332818,273906,2012-06-21,11,5,3,556,175.14,1843.14,e-Shop,Books,Children,18-12-1974,M,1
96262731600,267149,2012-06-21,1,1,4,1375,577.5,6077.5,e-Shop,Clothing,Women,29-12-1990,M,1
53891002102,271314,2012-06-23,3,5,5,774,406.35,4276.35,TeleShop,Books,Comics,04-08-1974,M,1
71990994962,269013,2012-06-23,11,5,2,789,165.69,1743.69,Flagship store,Books,Children,20-07-1972,M,1
35572979303,269236,2012-06-24,10,5,5,1287,675.675,7110.675,Flagship store,Books,Non-Fiction,09-11-1978,M,1
29860677588,271775,2012-06-24,11,6,5,1435,753.375,7928.375,Flagship store,Home and kitchen,Bath,17-11-1987,M,1
76799312603,272757,2012-06-25,4,1,2,1405,295.05,3105.05,TeleShop,Clothing,Men,11-05-1985,M,1
5568279375,274189,2012-06-27,1,2,2,1500,315.0,3315.0,MBR,Footwear,Men,12-03-1991,M,1
23176812880,268392,2012-06-29,7,5,1,-1464,153.72,1617.72,e-Shop,Books,Fiction,13-09-1987,M,1
97338422011,274094,2012-07-15,8,3,3,815,256.725,2701.725,MBR,Electronics,Personal Appliances,18-08-1981,M,1
23673342193,274496,2012-07-16,4,4,4,-1008,423.36,4455.36,TeleShop,Bags,Women,11-01-1974,M,1
76059164976,269966,2012-07-18,3,2,2,1350,283.5,2983.5,e-Shop,Footwear,Women,13-12-1981,M,1
26230974616,269145,2012-07-19,3,1,3,84,26.46,278.46,Flagship store,Clothing,Kids,04-12-1992,M,1
93181159158,274979,2012-07-21,9,3,5,667,350.175,3685.175,Flagship store,Electronics,Cameras,27-09-1990,M,1
67647966959,274463,2012-07-21,2,6,5,412,216.3,2276.3,Flagship store,Home and kitchen,Furnishing,21-02-1991,M,1
3673955745,270182,2012-07-23,10,3,5,651,341.775,3596.775,e-Shop,Electronics,Audio and video,17-07-1975,M,1
47325694506,267105,2012-07-23,9,3,5,1162,610.05,6420.05,Flagship store,Electronics,Cameras,22-11-1986,M,1
67647966959,274463,2012-07-30,2,6,5,-412,216.3,2276.3,Flagship store,Home and kitchen,Furnishing,21-02-1991,M,1
34500649719,268467,2012-07-31,1,4,4,94,39.48,415.48,Flagship store,Bags,Men,20-02-1980,M,1
26248796032,273787,2012-08-14,7,5,1,763,80.115,843.115,MBR,Books,Fiction,24-10-1983,M,1
41944146340,271873,2012-08-16,4,3,5,149,78.225,823.225,TeleShop,Electronics,Mobiles,17-04-1972,M,1
66865847202,269182,2012-08-16,3,5,5,1242,652.05,6862.05,TeleShop,Books,Comics,04-06-1989,M,1
93155255111,274094,2012-08-18,3,1,4,573,240.66,2532.66,e-Shop,Clothing,Kids,18-08-1981,M,1
68760108690,267344,2012-08-19,8,3,1,695,72.975,767.975,e-Shop,Electronics,Personal Appliances,22-01-1990,M,1
749674186,270240,2012-08-20,3,5,1,165,17.325,182.325,e-Shop,Books,Comics,07-12-1988,M,1
23251397790,269307,2012-08-21,5,3,5,771,404.775,4259.775,TeleShop,Electronics,Computers,03-09-1975,M,1
63381713152,274625,2012-08-21,12,6,4,1286,540.12,5684.12,Flagship store,Home and kitchen,Tools,28-07-1980,M,1
31988582041,271285,2012-08-22,1,1,2,288,60.48,636.48,e-Shop,Clothing,Women,10-03-1986,M,1
79268658239,270047,2012-08-22,8,3,4,839,352.38,3708.38,e-Shop,Electronics,Personal Appliances,10-06-1970,M,1
64662243036,269902,2012-08-25,10,3,1,1379,144.795,1523.795,Flagship store,Electronics,Audio and video,03-01-1984,M,1
78394675722,274972,2012-08-27,10,6,2,516,108.36,1140.36,e-Shop,Home and kitchen,Kitchen,18-12-1986,M,1
40798093279,269182,2012-08-28,3,5,4,1348,566.16,5958.16,MBR,Books,Comics,04-06-1989,M,1
13407077428,271418,2012-08-29,12,6,4,258,108.36,1140.36,e-Shop,Home and kitchen,Tools,27-07-1975,M,1
17852484526,273346,2012-08-30,1,2,3,1203,378.945,3987.945,e-Shop,Footwear,Men,22-07-1989,M,1
12133638935,275119,2012-08-31,5,3,2,1030,216.3,2276.3,MBR,Electronics,Computers,13-06-1989,M,1
88826480678,273867,2012-08-31,4,4,2,110,23.1,243.1,TeleShop,Bags,Women,05-08-1980,M,1
95779277872,272054,2012-08-31,12,6,3,336,105.84,1113.84,e-Shop,Home and kitchen,Tools,03-07-1973,M,1
72190889247,271200,2012-08-31,4,1,1,1352,141.96,1493.96,e-Shop,Clothing,Men,20-02-1986,M,1
46162343220,270327,2012-09-13,12,6,1,191,20.055,211.055,e-Shop,Home and kitchen,Tools,12-02-1975,M,1
74419238839,269220,2012-09-13,8,3,2,986,207.06,2179.06,Flagship store,Electronics,Personal Appliances,28-04-1981,M,1
97569306437,268651,2012-09-16,4,3,2,952,199.92,2103.92,TeleShop,Electronics,Mobiles,16-02-1982,M,1
78275940162,272297,2012-09-18,3,5,3,1251,394.065,4147.065,Flagship store,Books,Comics,20-08-1981,M,1
41529028673,268773,2012-09-20,12,5,3,1256,395.64,4163.64,Flagship store,Books,Academic,08-02-1988,M,1
65524605366,267403,2012-09-21,1,2,1,1081,113.505,1194.505,e-Shop,Footwear,Men,13-11-1989,M,1
26286121145,271510,2012-09-22,11,5,1,157,16.485,173.485,Flagship store,Books,Children,20-07-1976,M,1
97569306437,268651,2012-09-24,4,3,2,-952,199.92,2103.92,TeleShop,Electronics,Mobiles,16-02-1982,M,1
66857694550,272555,2012-09-24,10,5,5,95,49.875,524.875,TeleShop,Books,Non-Fiction,03-05-1970,M,1
24176562147,267193,2012-09-25,4,4,4,575,241.5,2541.5,TeleShop,Bags,Women,27-11-1972,M,1
77018512148,271323,2012-09-25,12,6,1,916,96.18,1012.18,MBR,Home and kitchen,Tools,02-02-1971,M,1
84872416053,274600,2012-09-25,1,2,4,306,128.52,1352.52,MBR,Footwear,Men,10-01-1972,M,1
39821348394,267211,2012-09-26,3,1,5,718,376.95,3966.95,e-Shop,Clothing,Kids,15-01-1988,M,1
80935962876,271940,2012-09-27,8,3,5,1391,730.275,7685.275,TeleShop,Electronics,Personal Appliances,16-09-1990,M,1
66857694550,272555,2012-09-27,10,5,5,-95,49.875,524.875,TeleShop,Books,Non-Fiction,03-05-1970,M,1
69512752613,267211,2012-09-28,1,2,5,1009,529.725,5574.725,MBR,Footwear,Men,15-01-1988,M,1
31494368868,267286,2012-09-29,3,5,5,476,249.9,2629.9,TeleShop,Books,Comics,24-11-1979,M,1
81904918669,271863,2012-09-29,3,5,4,998,419.16,4411.16,e-Shop,Books,Comics,19-08-1971,M,1
7411449439,270706,2012-10-14,10,3,5,807,423.675,4458.675,e-Shop,Electronics,Audio and video,24-11-1972,M,1
78163640013,271543,2012-10-14,11,6,1,743,78.015,821.015,e-Shop,Home and kitchen,Bath,20-12-1973,M,1
99837614843,267974,2012-10-16,6,5,5,601,315.525,3320.525,TeleShop,Books,DIY,12-10-1973,M,1
20555489190,273575,2012-10-17,3,5,4,668,280.56,2952.56,TeleShop,Books,Comics,27-07-1970,M,1
50552007526,273337,2012-10-17,3,2,2,547,114.87,1208.87,e-Shop,Footwear,Women,08-01-1991,M,1
50672237319,274748,2012-10-18,4,3,1,93,9.765,102.765,MBR,Electronics,Mobiles,22-06-1991,M,1
55025618656,273243,2012-10-20,12,6,3,1297,408.555,4299.555,e-Shop,Home and kitchen,Tools,16-03-1992,M,1
91362249572,271160,2012-10-22,3,5,5,206,108.15,1138.15,e-Shop,Books,Comics,07-03-1989,M,1
50672237319,274748,2012-10-23,4,3,1,-93,9.765,102.765,MBR,Electronics,Mobiles,22-06-1991,M,1
81755117752,271286,2012-10-24,10,6,5,127,66.675,701.675,Flagship store,Home and kitchen,Kitchen,10-09-1970,M,1
34615161504,268651,2012-10-24,7,5,4,700,294.0,3094.0,e-Shop,Books,Fiction,16-02-1982,M,1
21858863677,272289,2012-10-25,12,6,3,956,301.14,3169.14,e-Shop,Home and kitchen,Tools,14-06-1987,M,1
35581355562,275031,2012-10-27,10,5,4,1484,623.28,6559.28,e-Shop,Books,Non-Fiction,11-03-1977,M,1
29720005235,273575,2012-10-27,5,3,1,675,70.875,745.875,MBR,Electronics,Computers,27-07-1970,M,1
94403499807,271014,2012-10-27,3,1,2,1084,227.64,2395.64,e-Shop,Clothing,Kids,02-07-1987,M,1
97076302174,275042,2012-10-27,1,2,3,1410,444.15,4674.15,e-Shop,Footwear,Men,11-06-1985,M,1
74756660938,273575,2012-10-27,1,1,1,677,71.085,748.085,MBR,Clothing,Women,27-07-1970,M,1
14591566140,272661,2012-10-28,1,1,1,858,90.09,948.09,Flagship store,Clothing,Women,14-09-1983,M,1
48139981947,273575,2012-10-30,12,5,4,585,245.7,2585.7,MBR,Books,Academic,27-07-1970,M,1
97076302174,275042,2012-10-30,1,2,3,-1410,444.15,4674.15,e-Shop,Footwear,Men,11-06-1985,M,1
46568197564,271873,2012-10-31,1,1,3,330,103.95,1093.95,TeleShop,Clothing,Women,17-04-1972,M,1
26388141892,269307,2012-11-13,11,6,2,663,139.23,1465.23,e-Shop,Home and kitchen,Bath,03-09-1975,M,1
9090246666,268690,2012-11-14,9,3,4,908,381.36,4013.36,TeleShop,Electronics,Cameras,16-07-1985,M,1
92974602385,274313,2012-11-21,3,1,2,394,82.74,870.74,MBR,Clothing,Kids,22-06-1975,M,1
22520569987,274398,2012-11-22,7,5,1,1233,129.465,1362.465,e-Shop,Books,Fiction,10-12-1990,M,1
29004770737,267286,2012-11-23,2,6,4,71,29.82,313.82,e-Shop,Home and kitchen,Furnishing,24-11-1979,M,1
68751067430,271014,2012-11-23,10,6,5,1275,669.375,7044.375,Flagship store,Home and kitchen,Kitchen,02-07-1987,M,1
32784810411,267983,2012-11-24,10,3,5,851,446.775,4701.775,MBR,Electronics,Audio and video,27-10-1985,M,1
2709160186,268649,2012-11-26,7,5,4,1247,523.74,5511.74,MBR,Books,Fiction,26-06-1983,M,1
22520569987,274398,2012-11-27,7,5,1,-1233,129.465,1362.465,e-Shop,Books,Fiction,10-12-1990,M,1
3336645666,266999,2012-11-27,8,3,3,1467,462.105,4863.105,MBR,Electronics,Personal Appliances,13-01-1989,M,1
31599631905,270598,2012-11-28,4,2,1,169,17.745,186.745,Flagship store,Footwear,Kids,21-06-1974,M,1
28344336144,269802,2012-11-28,10,3,3,1307,411.705,4332.705,MBR,Electronics,Audio and video,26-05-1981,M,1
96396382441,270317,2012-11-28,12,5,1,674,70.77,744.77,MBR,Books,Academic,16-07-1989,M,1
79982528270,268687,2012-11-28,7,5,4,358,150.36,1582.36,TeleShop,Books,Fiction,11-03-1988,M,1
53734637020,268384,2012-11-29,7,5,4,1198,503.16,5295.16,e-Shop,Books,Fiction,12-08-1990,M,1
96865058800,271418,2012-11-29,11,6,4,896,376.32,3960.32,e-Shop,Home and kitchen,Bath,27-07-1975,M,1
29004770737,267286,2012-11-29,2,6,4,-71,29.82,313.82,e-Shop,Home and kitchen,Furnishing,24-11-1979,M,1
34950398875,269134,2012-11-30,5,3,2,867,182.07,1916.07,MBR,Electronics,Computers,10-09-1985,M,1
13271098036,272959,2012-11-30,12,6,2,1322,277.62,2921.62,e-Shop,Home and kitchen,Tools,09-07-1983,M,1
97146405108,267084,2012-12-14,5,3,2,139,29.19,307.19,MBR,Electronics,Computers,27-03-1978,M,1
96966417180,267203,2012-12-15,10,3,3,618,194.67,2048.67,TeleShop,Electronics,Audio and video,01-02-1987,M,1
59376732657,269269,2012-12-17,7,5,5,-1390,729.75,7679.75,Flagship store,Books,Fiction,04-02-1981,M,1
82901277861,269001,2012-12-17,3,5,1,1406,147.63,1553.63,TeleShop,Books,Comics,28-08-1976,M,1
48769274193,271894,2012-12-19,3,2,4,767,322.14,3390.14,TeleShop,Footwear,Women,27-11-1992,M,1
4895958215,272963,2012-12-20,3,1,3,1095,344.925,3629.925,MBR,Clothing,Kids,22-09-1981,M,1
85422031277,270047,2012-12-20,7,5,3,1084,341.46,3593.46,MBR,Books,Fiction,10-06-1970,M,1
10468018085,267974,2012-12-21,1,4,5,1381,725.025,7630.025,MBR,Bags,Men,12-10-1973,M,1
4895958215,272963,2012-12-22,3,1,3,-1095,344.925,3629.925,MBR,Clothing,Kids,22-09-1981,M,1
34786885398,273946,2012-12-22,12,6,4,162,68.04,716.04,e-Shop,Home and kitchen,Tools,03-03-1972,M,1
58158159389,275211,2012-12-24,2,6,4,827,347.34,3655.34,MBR,Home and kitchen,Furnishing,23-05-1988,M,1
48238083470,274189,2012-12-24,12,6,2,1280,268.8,2828.8,e-Shop,Home and kitchen,Tools,12-03-1991,M,1
66630359841,273191,2012-12-25,4,1,1,1330,139.65,1469.65,Flagship store,Clothing,Men,16-11-1989,M,1
92451931329,271687,2012-12-28,3,1,5,1384,726.6,7646.6,MBR,Clothing,Kids,08-08-1989,M,1
79449691441,273586,2012-12-30,11,5,2,472,99.12,1043.12,e-Shop,Books,Children,26-05-1977,M,1
69815854706,273081,2012-12-30,11,6,4,918,385.56,4057.56,MBR,Home and kitchen,Bath,05-03-1991,M,1
7576355995,268250,2012-12-31,4,1,5,1409,739.725,7784.725,Flagship store,Clothing,Men,14-05-1988,M,1
59942758652,274549,2012-12-31,4,3,1,107,11.235,118.235,e-Shop,Electronics,Mobiles,13-05-1971,M,1
2061280790,267891,2013-01-13,12,6,4,126,52.92,556.92,MBR,Home and kitchen,Tools,19-06-1989,M,1
47408128197,270615,2013-01-13,9,3,5,1104,579.6,6099.6,TeleShop,Electronics,Cameras,07-10-1990,M,1
35875981944,271516,2013-01-19,12,5,3,96,30.24,318.24,e-Shop,Books,Academic,12-06-1987,M,1
3012778958,272953,2013-01-22,3,2,1,-1003,105.315,1108.315,e-Shop,Footwear,Women,02-05-1972,M,1
75241897084,272297,2013-01-23,5,3,2,88,18.48,194.48,Flagship store,Electronics,Computers,20-08-1981,M,1
35875981944,271516,2013-01-24,12,5,3,-96,30.24,318.24,e-Shop,Books,Academic,12-06-1987,M,1
77014120268,268100,2013-01-24,3,1,3,670,211.05,2221.05,TeleShop,Clothing,Kids,26-02-1991,M,1
78773742672,274463,2013-01-25,1,2,4,1116,468.72,4932.72,e-Shop,Footwear,Men,21-02-1991,M,1
9869860916,275119,2013-01-26,12,5,3,989,311.535,3278.535,Flagship store,Books,Academic,13-06-1989,M,1
34960352432,271714,2013-01-26,10,6,1,170,17.85,187.85,e-Shop,Home and kitchen,Kitchen,01-01-1990,M,1
34457033779,269457,2013-01-26,10,3,1,98,10.29,108.29,MBR,Electronics,Audio and video,20-01-1980,M,1
37592765856,269001,2013-01-26,3,5,1,398,41.79,439.79,e-Shop,Books,Comics,28-08-1976,M,1
64724385100,271314,2013-01-27,4,3,4,470,197.4,2077.4,e-Shop,Electronics,Mobiles,04-08-1974,M,1
48134908413,270868,2013-01-28,6,5,1,241,25.305,266.305,MBR,Books,DIY,23-10-1988,M,1
33033742874,270598,2013-01-28,1,2,2,993,208.53,2194.53,MBR,Footwear,Men,21-06-1974,M,1
13467824095,268692,2013-01-29,1,2,3,555,174.825,1839.825,TeleShop,Footwear,Men,28-08-1974,M,1
10975362281,273337,2013-01-30,2,6,5,1343,705.075,7420.075,e-Shop,Home and kitchen,Furnishing,08-01-1991,M,1
49956631398,270234,2013-01-31,11,5,1,165,17.325,182.325,e-Shop,Books,Children,26-12-1975,M,1
66416672029,271863,2013-02-13,12,6,1,1493,156.765,1649.765,TeleShop,Home and kitchen,Tools,19-08-1971,M,1
63210996773,269589,2013-02-14,12,6,1,263,27.615,290.615,TeleShop,Home and kitchen,Tools,27-05-1977,M,1
34467826150,274189,2013-02-17,11,5,4,681,286.02,3010.02,Flagship store,Books,Children,12-03-1991,M,1
87344278535,267061,2013-02-18,5,3,4,1083,454.86,4786.86,Flagship store,Electronics,Computers,19-01-1981,M,1
36724419764,271961,2013-02-21,7,5,4,402,168.84,1776.84,TeleShop,Books,Fiction,15-01-1982,M,1
34467826150,274189,2013-02-22,11,5,4,-681,286.02,3010.02,Flagship store,Books,Children,12-03-1991,M,1
48591559531,271323,2013-02-23,4,1,4,1117,469.14,4937.14,e-Shop,Clothing,Men,02-02-1971,M,1
21491560670,275120,2013-02-23,9,3,3,632,199.08,2095.08,e-Shop,Electronics,Cameras,05-09-1974,M,1
25018891239,274415,2013-02-23,11,5,2,814,170.94,1798.94,MBR,Books,Children,22-05-1981,M,1
22657609070,271516,2013-03-14,1,4,4,496,208.32,2192.32,TeleShop,Bags,Men,12-06-1987,M,1
40525862466,269236,2013-03-15,3,1,5,238,124.95,1314.95,Flagship store,Clothing,Kids,09-11-1978,M,1
27360705598,267891,2013-03-15,10,3,5,457,239.925,2524.925,e-Shop,Electronics,Audio and video,19-06-1989,M,1
53777916315,270706,2013-03-15,10,3,2,1323,277.83,2923.83,e-Shop,Electronics,Audio and video,24-11-1972,M,1
91135475508,271014,2013-03-16,2,6,4,1030,432.6,4552.6,MBR,Home and kitchen,Furnishing,02-07-1987,M,1
54873962666,271972,2013-03-17,4,4,3,-1167,367.605,3868.605,MBR,Bags,Women,04-09-1989,M,1
16497234831,269269,2013-03-17,9,3,5,804,422.1,4442.1,e-Shop,Electronics,Cameras,04-02-1981,M,1
36350908299,267891,2013-03-17,4,1,3,617,194.355,2045.355,MBR,Clothing,Men,19-06-1989,M,1
24409630463,270565,2013-03-18,7,5,3,92,28.98,304.98,e-Shop,Books,Fiction,14-09-1976,M,1
36243547063,268371,2013-03-19,1,4,1,373,39.165,412.165,MBR,Bags,Men,05-01-1982,M,1
24739378039,273337,2013-03-19,11,5,3,728,229.32,2413.32,Flagship store,Books,Children,08-01-1991,M,1
47998878836,274549,2013-03-19,4,4,3,371,116.865,1229.865,e-Shop,Bags,Women,13-05-1971,M,1
70301027887,271873,2013-03-19,11,5,1,330,34.65,364.65,MBR,Books,Children,17-04-1972,M,1
86185241040,270306,2013-03-20,1,4,2,911,191.31,2013.31,e-Shop,Bags,Men,21-01-1973,M,1
30080828406,270148,2013-03-22,3,5,2,164,34.44,362.44,TeleShop,Books,Comics,08-03-1979,M,1
54100679171,274366,2013-03-23,1,2,2,1166,244.86,2576.86,Flagship store,Footwear,Men,12-12-1975,M,1
83455740023,273081,2013-03-24,9,3,1,1072,112.56,1184.56,TeleShop,Electronics,Cameras,05-03-1991,M,1
36991178172,270240,2013-03-27,1,1,3,1349,424.935,4471.935,Flagship store,Clothing,Women,07-12-1988,M,1
36101190286,269134,2013-03-28,4,1,3,640,201.6,2121.6,TeleShop,Clothing,Men,10-09-1985,M,1
73610779019,269145,2013-03-28,10,3,3,1430,450.45,4740.45,Flagship store,Electronics,Audio and video,04-12-1992,M,1
33553588802,271323,2013-03-30,1,2,5,506,265.65,2795.65,Flagship store,Footwear,Men,02-02-1971,M,1
28463518871,269559,2013-03-31,10,3,3,446,140.49,1478.49,MBR,Electronics,Audio and video,24-06-1972,M,1
44089461405,273264,2013-03-31,1,1,5,1029,540.225,5685.225,e-Shop,Clothing,Women,03-02-1984,M,1
8843281964,269481,2013-04-14,5,3,1,166,17.43,183.43,MBR,Electronics,Computers,17-11-1981,M,1
19555985380,267748,2013-04-15,3,1,4,1136,477.12,5021.12,e-Shop,Clothing,Kids,29-05-1981,M,1
3760220408,272652,2013-04-16,3,1,4,190,79.8,839.8,TeleShop,Clothing,Kids,16-08-1979,M,1
62559933493,271685,2013-04-16,3,5,1,1125,118.125,1243.125,e-Shop,Books,Comics,15-07-1991,M,1
13784296237,268008,2013-04-20,10,3,2,77,16.17,170.17,TeleShop,Electronics,Audio and video,10-06-1983,M,1
94034760541,269001,2013-04-21,12,6,4,589,247.38,2603.38,e-Shop,Home and kitchen,Tools,28-08-1976,M,1
61653518526,269013,2013-04-23,7,5,2,1120,235.2,2475.2,e-Shop,Books,Fiction,20-07-1972,M,1
71155109559,273676,2013-04-23,9,3,2,1077,226.17,2380.17,e-Shop,Electronics,Cameras,02-12-1978,M,1
8880494783,273733,2013-04-25,4,2,5,935,490.875,5165.875,e-Shop,Footwear,Kids,25-08-1990,M,1
20278441044,271314,2013-04-25,3,2,4,1134,476.28,5012.28,e-Shop,Footwear,Women,04-08-1974,M,1
47044263616,266886,2013-04-27,4,1,5,388,203.7,2143.7,e-Shop,Clothing,Men,28-02-1971,M,1
79732957144,266830,2013-04-27,4,1,1,1267,133.035,1400.035,MBR,Clothing,Men,13-05-1985,M,1
71618917535,271330,2013-04-28,3,2,2,1153,242.13,2548.13,TeleShop,Footwear,Women,20-02-1982,M,1
55443022818,274816,2013-04-29,10,6,5,846,444.15,4674.15,TeleShop,Home and kitchen,Kitchen,06-09-1988,M,1
94034760541,269001,2013-04-30,12,6,4,-589,247.38,2603.38,e-Shop,Home and kitchen,Tools,28-08-1976,M,1
11129422308,267792,2013-05-14,4,3,4,1281,538.02,5662.02,e-Shop,Electronics,Mobiles,07-06-1985,M,1
37539876878,270615,2013-05-16,3,2,5,799,419.475,4414.475,Flagship store,Footwear,Women,07-10-1990,M,1
9829996741,268804,2013-05-18,4,2,5,382,200.55,2110.55,MBR,Footwear,Kids,19-05-1987,M,1
24491886186,273733,2013-05-19,1,2,5,1359,713.475,7508.475,e-Shop,Footwear,Men,25-08-1990,M,1
51277481778,270983,2013-05-19,11,5,1,1199,125.895,1324.895,Flagship store,Books,Children,22-08-1979,M,1
17394995383,268690,2013-05-21,9,3,3,-815,256.725,2701.725,e-Shop,Electronics,Cameras,16-07-1985,M,1
88402022262,266990,2013-05-23,9,3,1,601,63.105,664.105,e-Shop,Electronics,Cameras,08-04-1984,M,1
38911404871,271961,2013-05-24,12,5,4,1116,468.72,4932.72,Flagship store,Books,Academic,15-01-1982,M,1
18949095905,268649,2013-05-24,3,1,5,576,302.4,3182.4,TeleShop,Clothing,Kids,26-06-1983,M,1
13780916550,270764,2013-05-27,3,2,2,405,85.05,895.05,e-Shop,Footwear,Women,11-07-1971,M,1
17104881688,270327,2013-05-27,11,5,4,1163,488.46,5140.46,MBR,Books,Children,12-02-1975,M,1
11641570305,268100,2013-05-28,4,1,1,712,74.76,786.76,e-Shop,Clothing,Men,26-02-1991,M,1
88402022262,266990,2013-05-28,9,3,1,-601,63.105,664.105,e-Shop,Electronics,Cameras,08-04-1984,M,1
65218090948,274902,2013-05-30,3,5,1,954,100.17,1054.17,e-Shop,Books,Comics,07-01-1981,M,1
73077875736,274972,2013-05-30,8,3,4,1285,539.7,5679.7,TeleShop,Electronics,Personal Appliances,18-12-1986,M,1
70600390175,274748,2013-05-30,2,6,1,1021,107.205,1128.205,TeleShop,Home and kitchen,Furnishing,22-06-1991,M,1
53369318484,267325,2013-05-31,9,3,2,1441,302.61,3184.61,MBR,Electronics,Cameras,05-07-1981,M,1
57311262865,270872,2013-06-13,4,3,4,1044,438.48,4614.48,Flagship store,Electronics,Mobiles,10-03-1975,M,1
5620561916,271972,2013-06-17,2,6,2,264,55.44,583.44,TeleShop,Home and kitchen,Furnishing,04-09-1989,M,1
74007441887,274463,2013-06-17,4,1,4,641,269.22,2833.22,MBR,Clothing,Men,21-02-1991,M,1
45459573063,273285,2013-06-19,8,3,5,1460,766.5,8066.5,e-Shop,Electronics,Personal Appliances,22-06-1981,M,1
79373206866,274608,2013-06-20,3,2,2,151,31.71,333.71,e-Shop,Footwear,Women,23-11-1985,M,1
37195503520,272652,2013-06-21,10,3,5,1143,600.075,6315.075,e-Shop,Electronics,Audio and video,16-08-1979,M,1
63547042615,273264,2013-06-21,4,3,2,1054,221.34,2329.34,TeleShop,Electronics,Mobiles,03-02-1984,M,1
22300555249,267792,2013-06-22,6,5,2,998,209.58,2205.58,MBR,Books,DIY,07-06-1985,M,1
36344747439,275225,2013-06-24,2,6,2,1376,288.96,3040.96,MBR,Home and kitchen,Furnishing,15-11-1978,M,1
41405935651,273308,2013-06-24,11,5,5,652,342.3,3602.3,e-Shop,Books,Children,28-11-1972,M,1
28092587458,268492,2013-06-24,2,6,1,165,17.325,182.325,e-Shop,Home and kitchen,Furnishing,17-02-1975,M,1
32257514258,271687,2013-06-24,2,6,5,1247,654.675,6889.675,MBR,Home and kitchen,Furnishing,08-08-1989,M,1
34888500103,275225,2013-06-25,6,5,2,240,50.4,530.4,e-Shop,Books,DIY,15-11-1978,M,1
63845256769,270705,2013-06-26,3,2,5,310,162.75,1712.75,MBR,Footwear,Women,27-11-1984,M,1
89287518178,268763,2013-06-28,3,5,3,348,109.62,1153.62,MBR,Books,Comics,09-02-1977,M,1
20420518253,267891,2013-06-30,3,1,2,1172,246.12,2590.12,TeleShop,Clothing,Kids,19-06-1989,M,1
91872214099,267174,2013-06-30,2,6,4,456,191.52,2015.52,e-Shop,Home and kitchen,Furnishing,16-11-1972,M,1
93117414983,271510,2013-07-13,1,1,1,87,9.135,96.135,e-Shop,Clothing,Women,20-07-1976,M,1
67833728327,272297,2013-07-13,1,2,3,412,129.78,1365.78,TeleShop,Footwear,Men,20-08-1981,M,1
38901736223,266952,2013-07-15,12,6,4,1219,511.98,5387.98,Flagship store,Home and kitchen,Tools,26-06-1975,M,1
30888089051,267983,2013-07-15,8,3,3,446,140.49,1478.49,MBR,Electronics,Personal Appliances,27-10-1985,M,1
30696616340,269182,2013-07-15,2,6,2,142,29.82,313.82,e-Shop,Home and kitchen,Furnishing,04-06-1989,M,1
34370324295,267174,2013-07-16,6,5,3,267,84.105,885.105,MBR,Books,DIY,16-11-1972,M,1
46079301579,270998,2013-07-18,5,3,1,1336,140.28,1476.28,TeleShop,Electronics,Computers,24-04-1985,M,1
62755953539,273285,2013-07-18,11,5,4,1128,473.76,4985.76,Flagship store,Books,Children,22-06-1981,M,1
35589952589,267359,2013-07-18,10,5,2,347,72.87,766.87,MBR,Books,Non-Fiction,08-01-1971,M,1
23435417077,274854,2013-07-18,11,6,1,1296,136.08,1432.08,Flagship store,Home and kitchen,Bath,07-02-1978,M,1
70116492049,272795,2013-07-18,1,4,2,350,73.5,773.5,MBR,Bags,Men,22-04-1970,M,1
62623668865,272450,2013-07-19,1,2,3,573,180.495,1899.495,Flagship store,Footwear,Men,08-05-1986,M,1
36066352023,273337,2013-07-19,6,5,1,453,47.565,500.565,MBR,Books,DIY,08-01-1991,M,1
83056090298,275042,2013-07-19,12,5,1,233,24.465,257.465,Flagship store,Books,Academic,11-06-1985,M,1
97503659941,268492,2013-07-20,7,5,1,1427,149.835,1576.835,MBR,Books,Fiction,17-02-1975,M,1
30696616340,269182,2013-07-21,2,6,2,-142,29.82,313.82,e-Shop,Home and kitchen,Furnishing,04-06-1989,M,1
93213392507,269559,2013-07-21,12,5,4,483,202.86,2134.86,e-Shop,Books,Academic,24-06-1972,M,1
99004419453,267316,2013-07-22,10,3,1,660,69.3,729.3,TeleShop,Electronics,Audio and video,22-02-1992,M,1
19619801601,267021,2013-07-24,10,6,2,1327,278.67,2932.67,e-Shop,Home and kitchen,Kitchen,21-09-1982,M,1
31348483471,267182,2013-07-24,1,2,2,1107,232.47,2446.47,e-Shop,Footwear,Men,18-10-1989,M,1
96329945070,268920,2013-07-24,3,5,1,649,68.145,717.145,MBR,Books,Comics,07-04-1972,M,1
53695159090,269050,2013-07-27,2,6,1,472,49.56,521.56,e-Shop,Home and kitchen,Furnishing,15-09-1984,M,1
52465091003,267325,2013-07-28,11,6,1,1490,156.45,1646.45,e-Shop,Home and kitchen,Bath,05-07-1981,M,1
77405369597,270615,2013-07-28,11,5,5,97,50.925,535.925,MBR,Books,Children,07-10-1990,M,1
93213392507,269559,2013-07-30,12,5,4,-483,202.86,2134.86,e-Shop,Books,Academic,24-06-1972,M,1
99597203965,267407,2013-07-31,3,2,1,667,70.035,737.035,Flagship store,Footwear,Women,11-09-1984,M,1
54188452384,274854,2013-08-13,1,2,3,932,293.58,3089.58,TeleShop,Footwear,Men,07-02-1978,M,1
78531139534,268995,2013-08-13,9,3,2,724,152.04,1600.04,e-Shop,Electronics,Cameras,04-07-1976,M,1
73202618273,271302,2013-08-13,11,5,1,258,27.09,285.09,Flagship store,Books,Children,22-05-1987,M,1
95283760141,268649,2013-08-14,10,3,4,198,83.16,875.16,Flagship store,Electronics,Audio and video,26-06-1983,M,1
98196929581,269481,2013-08-14,4,1,4,678,284.76,2996.76,e-Shop,Clothing,Men,17-11-1981,M,1
41444637069,267203,2013-08-15,10,5,1,1090,114.45,1204.45,TeleShop,Books,Non-Fiction,01-02-1987,M,1
75111633609,267182,2013-08-15,1,1,1,428,44.94,472.94,e-Shop,Clothing,Women,18-10-1989,M,1
92814475704,267750,2013-08-16,1,1,4,-284,119.28,1255.28,Flagship store,Clothing,Women,13-10-1986,M,1
87730818108,267211,2013-08-17,5,3,1,187,19.635,206.635,TeleShop,Electronics,Computers,15-01-1988,M,1
54188452384,274854,2013-08-18,1,2,3,-932,293.58,3089.58,TeleShop,Footwear,Men,07-02-1978,M,1
79323828565,267325,2013-08-18,11,6,1,101,10.605,111.605,MBR,Home and kitchen,Bath,05-07-1981,M,1
59221197760,274460,2013-08-19,12,5,5,985,517.125,5442.125,e-Shop,Books,Academic,20-07-1976,M,1
52354235850,274748,2013-08-19,12,5,1,305,32.025,337.025,Flagship store,Books,Academic,22-06-1991,M,1
4561358107,267748,2013-08-19,1,4,5,206,108.15,1138.15,TeleShop,Bags,Men,29-05-1981,M,1
81389584506,273586,2013-08-19,8,3,1,1074,112.77,1186.77,e-Shop,Electronics,Personal Appliances,26-05-1977,M,1
84519412787,267344,2013-08-21,2,6,5,1073,563.325,5928.325,TeleShop,Home and kitchen,Furnishing,22-01-1990,M,1
42276365825,268492,2013-08-21,3,1,4,1392,584.64,6152.64,e-Shop,Clothing,Kids,17-02-1975,M,1
72513895587,273330,2013-08-24,3,5,4,647,271.74,2859.74,e-Shop,Books,Comics,13-07-1972,M,1
46152345167,268692,2013-08-27,10,5,5,97,50.925,535.925,e-Shop,Books,Non-Fiction,28-08-1974,M,1
39795770570,270357,2013-08-30,1,1,5,574,301.35,3171.35,e-Shop,Clothing,Women,12-09-1982,M,1
39597644149,271160,2013-09-13,10,3,5,208,109.2,1149.2,e-Shop,Electronics,Audio and video,07-03-1989,M,1
64425943945,267792,2013-09-15,1,2,3,869,273.735,2880.735,MBR,Footwear,Men,07-06-1985,M,1
49217419018,269013,2013-09-17,4,3,5,624,327.6,3447.6,MBR,Electronics,Mobiles,20-07-1972,M,1
12585151245,267316,2013-09-17,10,3,5,1460,766.5,8066.5,Flagship store,Electronics,Audio and video,22-02-1992,M,1
61792566818,271385,2013-09-18,1,4,4,972,408.24,4296.24,MBR,Bags,Men,08-12-1992,M,1
16634019038,274972,2013-09-21,12,6,3,234,73.71,775.71,TeleShop,Home and kitchen,Tools,18-12-1986,M,1
39597644149,271160,2013-09-21,10,3,5,-208,109.2,1149.2,e-Shop,Electronics,Audio and video,07-03-1989,M,1
68066856206,268008,2013-09-21,12,6,5,807,423.675,4458.675,TeleShop,Home and kitchen,Tools,10-06-1983,M,1
56218226781,272757,2013-09-22,4,1,1,1092,114.66,1206.66,MBR,Clothing,Men,11-05-1985,M,1
56218226781,272757,2013-09-23,4,1,1,-1092,114.66,1206.66,MBR,Clothing,Men,11-05-1985,M,1
3462932739,267555,2013-09-24,11,5,1,823,86.415,909.415,Flagship store,Books,Children,22-11-1984,M,1
4791915006,268582,2013-09-26,1,4,5,503,264.075,2779.075,MBR,Bags,Men,03-01-1975,M,1
82809494483,268008,2013-09-26,9,3,4,1129,474.18,4990.18,MBR,Electronics,Cameras,10-06-1983,M,1
9044824427,267316,2013-10-14,1,1,4,1386,582.12,6126.12,MBR,Clothing,Women,22-02-1992,M,1
45655248702,270306,2013-10-15,10,6,2,444,93.24,981.24,TeleShop,Home and kitchen,Kitchen,21-01-1973,M,1
22792972773,272485,2013-10-19,7,5,2,145,30.45,320.45,MBR,Books,Fiction,05-06-1987,M,1
10449943038,270095,2013-10-19,1,4,2,526,110.46,1162.46,MBR,Bags,Men,02-11-1985,M,1
92192564098,274650,2013-10-19,11,6,2,1484,311.64,3279.64,e-Shop,Home and kitchen,Bath,04-12-1986,M,1
10763027744,269307,2013-10-19,10,6,5,386,202.65,2132.65,Flagship store,Home and kitchen,Kitchen,03-09-1975,M,1
81546836655,267792,2013-10-21,5,3,5,1456,764.4,8044.4,e-Shop,Electronics,Computers,07-06-1985,M,1
79000930678,269966,2013-10-21,4,4,1,1456,152.88,1608.88,TeleShop,Bags,Women,13-12-1981,M,1
9044824427,267316,2013-10-22,1,1,4,-1386,582.12,6126.12,MBR,Clothing,Women,22-02-1992,M,1
80665730869,268100,2013-10-22,3,5,1,518,54.39,572.39,e-Shop,Books,Comics,26-02-1991,M,1
19607279778,267203,2013-10-23,9,3,4,104,43.68,459.68,e-Shop,Electronics,Cameras,01-02-1987,M,1
58754542882,273569,2013-10-23,12,6,4,703,295.26,3107.26,MBR,Home and kitchen,Tools,13-01-1989,M,1
19683795063,273575,2013-10-24,1,1,1,132,13.86,145.86,e-Shop,Clothing,Women,27-07-1970,M,1
78547650287,273906,2013-10-25,3,1,1,475,49.875,524.875,e-Shop,Clothing,Kids,18-12-1974,M,1
98918581621,272858,2013-10-25,12,5,5,1304,684.6,7204.6,e-Shop,Books,Academic,01-11-1990,M,1
65770104257,269307,2013-10-28,1,4,3,1205,379.575,3994.575,Flagship store,Bags,Men,03-09-1975,M,1
47663810763,271418,2013-10-29,12,6,3,1197,377.055,3968.055,TeleShop,Home and kitchen,Tools,27-07-1975,M,1
30695094054,272652,2013-10-31,4,1,5,1096,575.4,6055.4,e-Shop,Clothing,Men,16-08-1979,M,1
73556600449,270705,2013-10-31,4,1,1,721,75.705,796.705,MBR,Clothing,Men,27-11-1984,M,1
94439534053,269691,2013-10-31,3,1,4,1387,582.54,6130.54,e-Shop,Clothing,Kids,08-05-1974,M,1
71265724250,270706,2013-11-13,7,5,3,1198,377.37,3971.37,e-Shop,Books,Fiction,24-11-1972,M,1
46989646717,274331,2013-11-14,1,4,3,655,206.325,2171.325,Flagship store,Bags,Men,11-01-1989,M,1
85489227221,271873,2013-11-14,10,5,4,961,403.62,4247.62,e-Shop,Books,Non-Fiction,17-04-1972,M,1
57707492292,271441,2013-11-15,3,2,2,574,120.54,1268.54,Flagship store,Footwear,Women,06-08-1989,M,1
71976180879,272555,2013-11-16,7,5,2,1432,300.72,3164.72,Flagship store,Books,Fiction,03-05-1970,M,1
13026363883,274902,2013-11-17,4,1,1,1135,119.175,1254.175,e-Shop,Clothing,Men,07-01-1981,M,1
48251602750,270258,2013-11-17,12,5,1,322,33.81,355.81,MBR,Books,Academic,16-04-1978,M,1
61589428369,274463,2013-11-17,12,6,2,446,93.66,985.66,e-Shop,Home and kitchen,Tools,21-02-1991,M,1
10861410733,274748,2013-11-18,11,5,3,504,158.76,1670.76,Flagship store,Books,Children,22-06-1991,M,1
91473276082,274460,2013-11-19,6,5,2,601,126.21,1328.21,MBR,Books,DIY,20-07-1976,M,1
22315252729,273928,2013-11-21,3,1,4,1214,509.88,5365.88,e-Shop,Clothing,Kids,27-04-1976,M,1
97013888577,267792,2013-11-21,12,5,2,1045,219.45,2309.45,TeleShop,Books,Academic,07-06-1985,M,1
88934411486,269657,2013-11-21,12,6,4,1236,519.12,5463.12,Flagship store,Home and kitchen,Tools,02-08-1983,M,1
60349204999,268835,2013-11-22,11,6,1,549,57.645,606.645,MBR,Home and kitchen,Bath,23-06-1986,M,1
14960915856,267211,2013-11-22,10,5,5,253,132.825,1397.825,e-Shop,Books,Non-Fiction,15-01-1988,M,1
49441287,268804,2013-11-23,11,6,3,279,87.885,924.885,Flagship store,Home and kitchen,Bath,19-05-1987,M,1
11265826781,273308,2013-11-23,4,4,4,462,194.04,2042.04,MBR,Bags,Women,28-11-1972,M,1
97013888577,267792,2013-11-25,12,5,2,-1045,219.45,2309.45,TeleShop,Books,Academic,07-06-1985,M,1
36385142331,268250,2013-11-26,12,6,5,902,473.55,4983.55,e-Shop,Home and kitchen,Tools,14-05-1988,M,1
5414577360,267189,2013-11-30,2,6,1,1155,121.275,1276.275,Flagship store,Home and kitchen,Furnishing,23-05-1977,M,1
86280988584,271961,2013-12-13,10,6,2,86,18.06,190.06,Flagship store,Home and kitchen,Kitchen,15-01-1982,M,1
67012406418,269038,2013-12-14,11,5,1,344,36.12,380.12,e-Shop,Books,Children,17-11-1983,M,1
78641061407,274398,2013-12-15,3,2,2,298,62.58,658.58,TeleShop,Footwear,Women,10-12-1990,M,1
70894690693,274022,2013-12-18,10,6,5,198,103.95,1093.95,MBR,Home and kitchen,Kitchen,22-11-1981,M,1
23653879454,267974,2013-12-21,4,2,4,199,83.58,879.58,e-Shop,Footwear,Kids,12-10-1973,M,1
32512485396,267061,2013-12-22,3,5,3,1232,388.08,4084.08,e-Shop,Books,Comics,19-01-1981,M,1
10991891904,269122,2013-12-22,10,3,4,1380,579.6,6099.6,TeleShop,Electronics,Audio and video,20-02-1975,M,1
4942455630,267203,2013-12-23,11,6,2,223,46.83,492.83,e-Shop,Home and kitchen,Bath,01-02-1987,M,1
11678613802,267750,2013-12-24,11,6,5,1235,648.375,6823.375,e-Shop,Home and kitchen,Bath,13-10-1986,M,1
4942455630,267203,2013-12-25,11,6,2,-223,46.83,492.83,e-Shop,Home and kitchen,Bath,01-02-1987,M,1
17969269549,270615,2013-12-26,2,6,3,372,117.18,1233.18,Flagship store,Home and kitchen,Furnishing,07-10-1990,M,1
86213780829,269966,2013-12-28,1,1,5,1339,702.975,7397.975,Flagship store,Clothing,Women,13-12-1981,M,1
62956338430,269122,2013-12-28,6,5,2,929,195.09,2053.09,MBR,Books,DIY,20-02-1975,M,1
8309911857,267203,2013-12-29,10,3,1,1169,122.745,1291.745,e-Shop,Electronics,Audio and video,01-02-1987,M,1
33468347680,268073,2013-12-29,3,2,1,668,70.14,738.14,MBR,Footwear,Women,11-01-1970,M,1
33468347680,268073,2013-12-30,3,2,1,-668,70.14,738.14,MBR,Footwear,Women,11-01-1970,M,1
79443912873,267426,2013-12-31,1,4,1,193,20.265,213.265,MBR,Bags,Men,18-11-1981,M,1
93700052775,267439,2014-01-17,4,1,2,1088,228.48,2404.48,Flagship store,Clothing,Men,27-08-1972,M,1
91319014001,273787,2014-01-17,5,3,4,815,342.3,3602.3,e-Shop,Electronics,Computers,24-10-1983,M,1
26523682313,266841,2014-01-18,3,5,3,799,251.685,2648.685,e-Shop,Books,Comics,02-03-1991,M,1
91319014001,273787,2014-01-18,5,3,4,-815,342.3,3602.3,e-Shop,Electronics,Computers,24-10-1983,M,1
85168109909,267105,2014-01-19,2,6,2,813,170.73,1796.73,MBR,Home and kitchen,Furnishing,22-11-1986,M,1
52486968694,267174,2014-01-20,11,5,3,654,206.01,2168.01,e-Shop,Books,Children,16-11-1972,M,1
30591818256,269476,2014-01-20,10,6,3,768,241.92,2545.92,TeleShop,Home and kitchen,Kitchen,03-06-1976,M,1
93700052775,267439,2014-01-20,4,1,2,-1088,228.48,2404.48,Flagship store,Clothing,Men,27-08-1972,M,1
79947059704,272795,2014-01-20,2,6,5,224,117.6,1237.6,MBR,Home and kitchen,Furnishing,22-04-1970,M,1
2976029181,272757,2014-01-22,10,6,4,1038,435.96,4587.96,MBR,Home and kitchen,Kitchen,11-05-1985,M,1
35367845543,268467,2014-01-22,4,1,2,898,188.58,1984.58,e-Shop,Clothing,Men,20-02-1980,M,1
52486968694,267174,2014-01-25,11,5,3,-654,206.01,2168.01,e-Shop,Books,Children,16-11-1972,M,1
64562440096,270706,2014-01-26,3,5,2,265,55.65,585.65,TeleShop,Books,Comics,24-11-1972,M,1
98359405385,274331,2014-01-28,3,5,4,1314,551.88,5807.88,MBR,Books,Comics,11-01-1989,M,1
8172983400,271972,2014-01-29,4,3,2,583,122.43,1288.43,TeleShop,Electronics,Mobiles,04-09-1989,M,1
64939234724,270240,2014-01-29,1,1,4,644,270.48,2846.48,e-Shop,Clothing,Women,07-12-1988,M,1
80295560781,274331,2014-01-31,6,5,4,147,61.74,649.74,MBR,Books,DIY,11-01-1989,M,1
64655688681,268136,2014-02-14,1,4,5,153,80.325,845.325,TeleShop,Bags,Men,13-09-1974,M,1
76990911956,270148,2014-02-16,4,3,4,448,188.16,1980.16,Flagship store,Electronics,Mobiles,08-03-1979,M,1
58886320392,268715,2014-02-18,10,6,2,768,161.28,1697.28,Flagship store,Home and kitchen,Kitchen,27-02-1988,M,1
74085729167,268492,2014-02-18,3,5,3,433,136.395,1435.395,e-Shop,Books,Comics,17-02-1975,M,1
78091789730,271030,2014-02-18,4,1,1,380,39.9,419.9,e-Shop,Clothing,Men,05-07-1979,M,1
25455265351,267750,2014-02-20,12,6,3,1360,428.4,4508.4,e-Shop,Home and kitchen,Tools,13-10-1986,M,1
23525861068,268100,,1,2,3,1318,415.17,4369.17,TeleShop,Footwear,Men,26-02-1991,M,1
16894888318,273946,,11,6,1,1238,129.99,1367.99,e-Shop,Home and kitchen,Bath,03-03-1972,M,1
59105495602,268995,,9,3,4,479,201.18,2117.18,Flagship store,Electronics,Cameras,04-07-1976,M,1
86159101262,270240,,12,5,3,680,214.2,2254.2,e-Shop,Books,Academic,07-12-1988,M,1
14834552371,274650,,12,5,1,498,52.29,550.29,Flagship store,Books,Academic,04-12-1986,M,1
90375459981,269269,,4,3,4,232,97.44,1025.44,e-Shop,Electronics,Mobiles,04-02-1981,M,1
98359405385,274331,,3,5,4,-1314,551.88,5807.88,MBR,Books,Comics,11-01-1989,M,1
16495297625,270148,,5,3,4,998,419.16,4411.16,Flagship store,Electronics,Computers,08-03-1979,M,1
32815955218,275225,,10,3,4,370,155.4,1635.4,MBR,Electronics,Audio and video,15-11-1978,M,1
59263063850,272795,,11,6,3,496,156.24,1644.24,e-Shop,Home and kitchen,Bath,22-04-1970,M,1
39331157930,273081,,8,3,3,905,285.075,3000.075,e-Shop,Electronics,Personal Appliances,05-03-1991,M,1
44712169710,268835,,2,6,1,1132,118.86,1250.86,MBR,Home and kitchen,Furnishing,23-06-1986,M,1
76021787833,269476,,4,1,2,418,87.78,923.78,e-Shop,Clothing,Men,03-06-1976,M,1
60808372174,269393,,5,3,5,124,65.1,685.1,TeleShop,Electronics,Computers,24-08-1990,M,1
13844622404,271302,,3,1,2,923,193.83,2039.83,e-Shop,Clothing,Kids,22-05-1987,M,1
40932345719,267344,,10,3,4,793,333.06,3505.06,TeleShop,Electronics,Audio and video,22-01-1990,M,1
53245167621,273928,,3,1,4,270,113.4,1193.4,TeleShop,Clothing,Kids,27-04-1976,M,1
62922048871,270766,,10,5,3,257,80.955,851.955,MBR,Books,Non-Fiction,24-03-1975,M,1
76872096992,269902,,6,5,4,207,86.94,914.94,Flagship store,Books,DIY,03-01-1984,M,1
8113230766,267316,,12,6,3,1163,366.345,3855.345,e-Shop,Home and kitchen,Tools,22-02-1992,M,1
99318505571,270706,,3,5,5,-1161,609.525,6414.525,TeleShop,Books,Comics,24-11-1972,M,1
73430588249,268288,,3,1,1,1147,120.435,1267.435,e-Shop,Clothing,Kids,03-04-1991,M,1
51221938710,269236,,11,6,4,142,59.64,627.64,Flagship store,Home and kitchen,Bath,09-11-1978,M,1
52044631925,272998,,9,3,1,304,31.92,335.92,e-Shop,Electronics,Cameras,05-08-1975,M,1
11678613802,267750,,11,6,5,-1235,648.375,6823.375,e-Shop,Home and kitchen,Bath,13-10-1986,M,1
85302608197,266841,,1,1,4,1142,479.64,5047.64,Flagship store,Clothing,Women,02-03-1991,M,1
42716608640,271200,,11,5,2,1091,229.11,2411.11,MBR,Books,Children,20-02-1986,M,1
99318505571,270706,,3,5,5,1161,609.525,6414.525,TeleShop,Books,Comics,24-11-1972,M,1
63635040022,268886,,3,2,5,652,342.3,3602.3,e-Shop,Footwear,Women,03-08-1992,M,1
64398634646,274854,,3,1,1,536,56.28,592.28,e-Shop,Clothing,Kids,07-02-1978,M,1
35773596634,275225,,4,1,5,722,379.05,3989.05,e-Shop,Clothing,Men,15-11-1978,M,1
88100259498,267156,,10,5,5,591,310.275,3265.275,TeleShop,Books,Non-Fiction,02-10-1991,M,1
89840259583,269454,,1,4,5,1263,663.075,6978.075,e-Shop,Bags,Men,26-04-1987,M,1
57211977876,274101,,12,6,2,547,114.87,1208.87,e-Shop,Home and kitchen,Tools,01-02-1971,M,1
82266540598,269457,,4,4,3,976,307.44,3235.44,e-Shop,Bags,Women,20-01-1980,M,1
47670833030,267286,,2,6,4,228,95.76,1007.76,MBR,Home and kitchen,Furnishing,24-11-1979,M,1
5414577360,267189,,2,6,1,-1155,121.275,1276.275,Flagship store,Home and kitchen,Furnishing,23-05-1977,M,1
286422298,268392,,1,4,3,89,28.035,295.035,MBR,Bags,Men,13-09-1987,M,1
96553777624,267891,,3,2,5,406,213.15,2243.15,e-Shop,Footwear,Women,19-06-1989,M,1
29123932586,270872,,3,2,2,340,71.4,751.4,e-Shop,Footwear,Women,10-03-1975,M,1
43750210560,272054,,3,5,3,175,55.125,580.125,MBR,Books,Comics,03-07-1973,M,1
97433291468,272314,,7,5,5,1203,631.575,6646.575,Flagship store,Books,Fiction,05-05-1973,M,1
95736165852,271714,,9,3,1,171,17.955,188.955,Flagship store,Electronics,Cameras,01-01-1990,M,1
30699743111,271014,,11,6,4,462,194.04,2042.04,Flagship store,Home and kitchen,Bath,02-07-1987,M,1
81269548859,268288,,10,3,4,507,212.94,2240.94,e-Shop,Electronics,Audio and video,03-04-1991,M,1
17066925247,267983,,2,6,5,371,194.775,2049.775,e-Shop,Home and kitchen,Furnishing,27-10-1985,M,1
41037649929,271873,,4,1,4,242,101.64,1069.64,e-Shop,Clothing,Men,17-04-1972,M,1
67692542012,267085,,1,4,2,754,158.34,1666.34,TeleShop,Bags,Men,13-06-1978,M,1
48292388389,269521,,6,5,2,1069,224.49,2362.49,e-Shop,Books,DIY,15-12-1983,M,1
25601292314,268458,,12,6,2,1149,241.29,2539.29,TeleShop,Home and kitchen,Tools,10-08-1976,M,1
65770104257,269307,,1,4,3,-1205,379.575,3994.575,Flagship store,Bags,Men,03-09-1975,M,1
26449927836,274854,,5,3,5,1089,571.725,6016.725,e-Shop,Electronics,Computers,07-02-1978,M,1
60128923032,271972,,10,6,4,1351,567.42,5971.42,Flagship store,Home and kitchen,Kitchen,04-09-1989,M,1
17650695500,274313,,11,6,1,856,89.88,945.88,e-Shop,Home and kitchen,Bath,22-06-1975,M,1
84610706178,268692,,11,6,4,443,186.06,1958.06,TeleShop,Home and kitchen,Bath,28-08-1974,M,1
68677209951,273787,,4,2,3,919,289.485,3046.485,e-Shop,Footwear,Kids,24-10-1983,M,1
42594581220,269362,,4,1,3,1191,375.165,3948.165,e-Shop,Clothing,Men,18-08-1984,M,1
46337421598,274496,,11,5,5,114,59.85,629.85,e-Shop,Books,Children,11-01-1974,M,1
98686554011,271314,,4,4,5,738,387.45,4077.45,e-Shop,Bags,Women,04-08-1974,M,1
9659551493,270706,,10,6,2,980,205.8,2165.8,e-Shop,Home and kitchen,Kitchen,24-11-1972,M,1
69652660357,271516,,2,6,5,226,118.65,1248.65,e-Shop,Home and kitchen,Furnishing,12-06-1987,M,1
33597543545,269919,,1,4,3,168,52.92,556.92,MBR,Bags,Men,11-10-1970,M,1
27777110909,267748,,4,3,5,1126,591.15,6221.15,Flagship store,Electronics,Mobiles,29-05-1981,M,1
98929551506,271714,,4,1,5,1320,693.0,7293.0,TeleShop,Clothing,Men,01-01-1990,M,1
82619066724,274972,,12,5,4,762,320.04,3368.04,e-Shop,Books,Academic,18-12-1986,M,1
48212686413,273400,,4,4,5,1257,659.925,6944.925,MBR,Bags,Women,15-04-1986,M,1
50537536990,267359,,3,2,5,1192,625.8,6585.8,e-Shop,Footwear,Women,08-01-1971,M,1
29868651586,272485,,10,3,5,183,96.075,1011.075,Flagship store,Electronics,Audio and video,05-06-1987,M,1
91422487907,268467,,10,5,1,1404,147.42,1551.42,e-Shop,Books,Non-Fiction,20-02-1980,M,1
55396177495,271030,,4,4,2,660,138.6,1458.6,e-Shop,Bags,Women,05-07-1979,M,1
90118575971,273586,,1,1,1,1250,131.25,1381.25,Flagship store,Clothing,Women,26-05-1977,M,1
55962725463,270706,,12,6,4,1344,564.48,5940.48,e-Shop,Home and kitchen,Tools,24-11-1972,M,1
87587426479,269122,,2,6,2,821,172.41,1814.41,TeleShop,Home and kitchen,Furnishing,20-02-1975,M,1
54012774978,267904,,4,3,3,1432,451.08,4747.08,e-Shop,Electronics,Mobiles,04-12-1990,M,1
21154011621,268995,,11,6,3,1157,364.455,3835.455,e-Shop,Home and kitchen,Bath,04-07-1976,M,1
50938790051,268250,,11,6,1,142,14.91,156.91,Flagship store,Home and kitchen,Bath,14-05-1988,M,1
29079549098,274608,,11,6,1,910,95.55,1005.55,e-Shop,Home and kitchen,Bath,23-11-1985,M,1
52743953384,270148,,7,5,2,872,183.12,1927.12,TeleShop,Books,Fiction,08-03-1979,M,1
13665669815,270872,,10,5,1,961,100.905,1061.905,Flagship store,Books,Non-Fiction,10-03-1975,M,1
67754884134,269457,,10,6,3,1248,393.12,4137.12,Flagship store,Home and kitchen,Kitchen,20-01-1980,M,1
61235239531,269286,,2,6,1,258,27.09,285.09,e-Shop,Home and kitchen,Furnishing,24-03-1986,M,1
8408236794,271418,,1,2,1,242,25.41,267.41,e-Shop,Footwear,Men,27-07-1975,M,1
41367819732,266952,,10,5,5,1076,564.9,5944.9,Flagship store,Books,Non-Fiction,26-06-1975,M,1
12850295112,271873,,7,5,5,328,172.2,1812.2,e-Shop,Books,Fiction,17-04-1972,M,1
92113271821,270598,,7,5,4,155,65.1,685.1,e-Shop,Books,Fiction,21-06-1974,M,1
92814475704,267750,,1,1,4,284,119.28,1255.28,Flagship store,Clothing,Women,13-10-1986,M,1
37836787355,272661,,4,1,2,1157,242.97,2556.97,e-Shop,Clothing,Men,14-09-1983,M,1
37629340931,270872,,6,5,3,833,262.395,2761.395,e-Shop,Books,DIY,10-03-1975,M,1
47129914122,268763,,10,6,1,730,76.65,806.65,Flagship store,Home and kitchen,Kitchen,09-02-1977,M,1
9953343748,266999,,4,1,3,1346,423.99,4461.99,e-Shop,Clothing,Men,13-01-1989,M,1
9322455216,269122,,8,3,4,744,312.48,3288.48,TeleShop,Electronics,Personal Appliances,20-02-1975,M,1
6426215224,272959,,1,1,1,203,21.315,224.315,MBR,Clothing,Women,09-07-1983,M,1
52465091003,267325,,11,6,1,-1490,156.45,1646.45,e-Shop,Home and kitchen,Bath,05-07-1981,M,1
41717680944,266841,,3,5,2,472,99.12,1043.12,TeleShop,Books,Comics,02-03-1991,M,1
15767165056,269521,,11,5,1,1265,132.825,1397.825,Flagship store,Books,Children,15-12-1983,M,1
66542319103,269181,,10,5,4,1143,480.06,5052.06,Flagship store,Books,Non-Fiction,14-05-1985,M,1
13975168535,271441,,5,3,1,630,66.15,696.15,e-Shop,Electronics,Computers,06-08-1989,M,1
35987527634,267426,,10,3,3,116,36.54,384.54,Flagship store,Electronics,Audio and video,18-11-1981,M,1
2350417098,273787,,6,5,4,598,251.16,2643.16,TeleShop,Books,DIY,24-10-1983,M,1
91872214099,267174,,2,6,4,-456,191.52,2015.52,e-Shop,Home and kitchen,Furnishing,16-11-1972,M,1
50780833049,268656,,11,5,1,600,63.0,663.0,TeleShop,Books,Children,01-04-1986,M,1
28699519114,274605,,4,3,3,771,242.865,2555.865,e-Shop,Electronics,Mobiles,03-12-1992,M,1
55295392777,267891,,4,4,5,429,225.225,2370.225,e-Shop,Bags,Women,19-06-1989,M,1
74702668162,273346,,2,6,5,611,320.775,3375.775,MBR,Home and kitchen,Furnishing,22-07-1989,M,1
10014712375,270234,,3,5,3,1199,377.685,3974.685,TeleShop,Books,Comics,26-12-1975,M,1
15403511408,270705,,3,5,4,766,321.72,3385.72,TeleShop,Books,Comics,27-11-1984,M,1
84045586133,269192,,10,3,5,791,415.275,4370.275,e-Shop,Electronics,Audio and video,06-07-1984,M,1
17680312302,269050,,10,3,5,-413,216.825,2281.825,MBR,Electronics,Audio and video,15-09-1984,M,1
56627749280,267439,,4,3,4,822,345.24,3633.24,MBR,Electronics,Mobiles,27-08-1972,M,1
48144914878,275225,,1,1,4,1291,542.22,5706.22,TeleShop,Clothing,Women,15-11-1978,M,1
99702077888,270955,,3,2,5,1278,670.95,7060.95,TeleShop,Footwear,Women,05-05-1973,M,1
17680312302,269050,,10,3,5,413,216.825,2281.825,MBR,Electronics,Audio and video,15-09-1984,M,1
21655156471,274331,,1,4,1,1105,116.025,1221.025,MBR,Bags,Men,11-01-1989,M,1
17394995383,268690,,9,3,3,815,256.725,2701.725,e-Shop,Electronics,Cameras,16-07-1985,M,1
155580963,270998,,6,5,4,577,242.34,2550.34,e-Shop,Books,DIY,24-04-1985,M,1
18970114223,272730,,10,6,2,806,169.26,1781.26,e-Shop,Home and kitchen,Kitchen,03-06-1974,M,1
3466378504,272314,,12,6,1,328,34.44,362.44,TeleShop,Home and kitchen,Tools,05-05-1973,M,1
29282133554,271873,,9,3,2,1445,303.45,3193.45,MBR,Electronics,Cameras,17-04-1972,M,1
10077948543,269362,,4,1,5,550,288.75,3038.75,e-Shop,Clothing,Men,18-08-1984,M,1
55443022818,274816,,10,6,5,-846,444.15,4674.15,TeleShop,Home and kitchen,Kitchen,06-09-1988,M,1
55912969152,271323,,10,5,2,72,15.12,159.12,MBR,Books,Non-Fiction,02-02-1971,M,1
23389571930,268582,,7,5,1,-1006,105.63,1111.63,MBR,Books,Fiction,03-01-1975,M,1
8729956244,271160,,1,4,3,259,81.585,858.585,Flagship store,Bags,Men,07-03-1989,M,1
91039350197,268187,,1,2,2,620,130.2,1370.2,TeleShop,Footwear,Men,24-10-1973,M,1
36066527033,269236,,3,5,1,759,79.695,838.695,MBR,Books,Comics,09-11-1978,M,1
23389571930,268582,,7,5,1,1006,105.63,1111.63,MBR,Books,Fiction,03-01-1975,M,1
465032738,267286,,4,3,4,762,320.04,3368.04,MBR,Electronics,Mobiles,24-11-1979,M,1
8240541158,268288,,1,4,2,1028,215.88,2271.88,TeleShop,Bags,Men,03-04-1991,M,1
44705667398,273633,,9,3,1,511,53.655,564.655,e-Shop,Electronics,Cameras,09-07-1975,M,1
63133897222,268582,,10,6,2,510,107.1,1127.1,e-Shop,Home and kitchen,Kitchen,03-01-1975,M,1
18343484813,268715,,11,6,4,1269,532.98,5608.98,e-Shop,Home and kitchen,Bath,27-02-1988,M,1
68429183600,270466,,6,5,3,-1145,360.675,3795.675,e-Shop,Books,DIY,24-07-1992,M,1
68429183600,270466,,6,5,3,1145,360.675,3795.675,e-Shop,Books,DIY,24-07-1992,M,1
12425822794,274854,,8,3,3,900,283.5,2983.5,Flagship store,Electronics,Personal Appliances,07-02-1978,M,1
36083030692,270565,,7,5,5,142,74.55,784.55,Flagship store,Books,Fiction,14-09-1976,M,1
91234807101,266858,,10,6,5,1042,547.05,5757.05,e-Shop,Home and kitchen,Kitchen,25-02-1987,M,1
5372344694,269691,,1,4,3,804,253.26,2665.26,e-Shop,Bags,Men,08-05-1974,M,1
74271339842,274881,,12,5,1,745,78.225,823.225,e-Shop,Books,Academic,27-04-1977,M,1
70204799428,272766,,11,5,3,423,133.245,1402.245,TeleShop,Books,Children,29-03-1982,M,1
50471418588,269692,,10,3,1,91,9.555,100.555,e-Shop,Electronics,Audio and video,23-09-1988,M,1
31662590660,270565,,7,5,4,1077,452.34,4760.34,e-Shop,Books,Fiction,14-09-1976,M,1
54873962666,271972,,4,4,3,1167,367.605,3868.605,MBR,Bags,Women,04-09-1989,M,1
99534273009,274168,,3,1,2,119,24.99,262.99,TeleShop,Clothing,Kids,13-03-1983,M,1
29566536096,267193,,10,6,4,602,252.84,2660.84,e-Shop,Home and kitchen,Kitchen,27-11-1972,M,1
23886386288,267750,,12,6,1,1418,148.89,1566.89,TeleShop,Home and kitchen,Tools,13-10-1986,M,1
24135724795,269521,,10,5,4,1337,561.54,5909.54,e-Shop,Books,Non-Fiction,15-12-1983,M,1
16067922126,270258,,4,1,2,774,162.54,1710.54,e-Shop,Clothing,Men,16-04-1978,M,1
44808224955,273264,,1,2,5,900,472.5,4972.5,e-Shop,Footwear,Men,03-02-1984,M,1
26511480335,271543,,4,3,5,1268,665.7,7005.7,TeleShop,Electronics,Mobiles,20-12-1973,M,1
10204473231,273330,,6,5,1,168,17.64,185.64,Flagship store,Books,DIY,13-07-1972,M,1
32377881401,267105,,3,1,5,466,244.65,2574.65,TeleShop,Clothing,Kids,22-11-1986,M,1
79331206308,274601,,11,5,1,-1019,106.995,1125.995,e-Shop,Books,Children,03-07-1991,M,1
51836129437,272757,,4,1,3,123,38.745,407.745,MBR,Clothing,Men,11-05-1985,M,1
14857036133,269393,,7,5,3,1450,456.75,4806.75,MBR,Books,Fiction,24-08-1990,M,1
8476495233,267107,,12,6,3,815,256.725,2701.725,e-Shop,Home and kitchen,Tools,27-07-1977,M,1
79331206308,274601,,11,5,1,1019,106.995,1125.995,e-Shop,Books,Children,03-07-1991,M,1
75919069763,273575,,4,4,5,1188,623.7,6563.7,e-Shop,Bags,Women,27-07-1970,M,1
26152575049,268692,,12,5,3,1358,427.77,4501.77,Flagship store,Books,Academic,28-08-1974,M,1
87448788825,271972,,1,1,1,149,15.645,164.645,MBR,Clothing,Women,04-09-1989,M,1
86417731907,272555,,4,3,2,1481,311.01,3273.01,e-Shop,Electronics,Mobiles,03-05-1970,M,1
84127708353,272998,,4,1,5,985,517.125,5442.125,Flagship store,Clothing,Men,05-08-1975,M,1
40584690615,267330,,5,3,4,527,221.34,2329.34,MBR,Electronics,Computers,20-06-1989,M,1
4090366089,269597,,3,5,4,260,109.2,1149.2,TeleShop,Books,Comics,18-08-1980,M,1
62776896200,267084,,3,5,3,493,155.295,1634.295,TeleShop,Books,Comics,27-03-1978,M,1
22720354012,271285,,10,5,4,991,416.22,4380.22,Flagship store,Books,Non-Fiction,10-03-1986,M,1
69776750454,274608,,1,2,5,632,331.8,3491.8,MBR,Footwear,Men,23-11-1985,M,1
21741257712,269192,,12,6,4,827,347.34,3655.34,MBR,Home and kitchen,Tools,06-07-1984,M,1
92482262851,274363,,1,1,3,1271,400.365,4213.365,MBR,Clothing,Women,28-06-1973,M,1
50882933518,267084,,1,1,4,-962,404.04,4252.04,TeleShop,Clothing,Women,27-03-1978,M,1
58608148082,267344,,9,3,5,1118,586.95,6176.95,e-Shop,Electronics,Cameras,22-01-1990,M,1
3012778958,272953,,3,2,1,1003,105.315,1108.315,e-Shop,Footwear,Women,02-05-1972,M,1
12915076662,272314,,10,3,3,1410,444.15,4674.15,MBR,Electronics,Audio and video,05-05-1973,M,1
26373207253,268172,,3,1,2,1292,271.32,2855.32,Flagship store,Clothing,Kids,06-09-1973,M,1
50882933518,267084,,1,1,4,962,404.04,4252.04,TeleShop,Clothing,Women,27-03-1978,M,1
92434619873,270317,,4,3,2,497,104.37,1098.37,e-Shop,Electronics,Mobiles,16-07-1989,M,1
79820514368,268804,,4,2,2,771,161.91,1703.91,TeleShop,Footwear,Kids,19-05-1987,M,1
96525716606,274415,,5,3,2,615,129.15,1359.15,e-Shop,Electronics,Computers,22-05-1981,M,1
96871118353,267189,,1,1,2,785,164.85,1734.85,TeleShop,Clothing,Women,23-05-1977,M,1
7576355995,268250,,4,1,5,-1409,739.725,7784.725,Flagship store,Clothing,Men,14-05-1988,M,1
18593135589,267203,,3,5,2,1145,240.45,2530.45,e-Shop,Books,Comics,01-02-1987,M,1
99631999746,268394,,1,2,3,639,201.285,2118.285,Flagship store,Footwear,Men,09-08-1981,M,1
847032416,266830,,12,6,5,1444,758.1,7978.1,TeleShop,Home and kitchen,Tools,13-05-1985,M,1
35235470917,274748,,7,5,5,692,363.3,3823.3,MBR,Books,Fiction,22-06-1991,M,1
59376732657,269269,,7,5,5,1390,729.75,7679.75,Flagship store,Books,Fiction,04-02-1981,M,1
31599631905,270598,,4,2,1,-169,17.745,186.745,Flagship store,Footwear,Kids,21-06-1974,M,1
20942215090,268392,,2,6,4,815,342.3,3602.3,Flagship store,Home and kitchen,Furnishing,13-09-1987,M,1
1840495442,268384,,3,1,4,1264,530.88,5586.88,MBR,Clothing,Kids,12-08-1990,M,1
54182774254,271160,,1,4,3,1481,466.515,4909.515,MBR,Bags,Men,07-03-1989,M,1
41351413673,271524,,9,3,3,955,300.825,3165.825,e-Shop,Electronics,Cameras,28-08-1987,M,1
38285926758,274854,,10,3,4,514,215.88,2271.88,e-Shop,Electronics,Audio and video,07-02-1978,M,1
77237456563,272450,,6,5,5,205,107.625,1132.625,MBR,Books,DIY,08-05-1986,M,1
93003507719,273330,,2,6,1,1294,135.87,1429.87,e-Shop,Home and kitchen,Furnishing,13-07-1972,M,1
75438086174,274972,,10,6,1,156,16.38,172.38,e-Shop,Home and kitchen,Kitchen,18-12-1986,M,1
82502567848,268467,,12,5,3,1169,368.235,3875.235,e-Shop,Books,Academic,20-02-1980,M,1
84843928349,270047,,8,3,2,259,54.39,572.39,MBR,Electronics,Personal Appliances,10-06-1970,M,1
256086669,275119,,4,4,3,153,48.195,507.195,e-Shop,Bags,Women,13-06-1989,M,1
80899290754,274605,,1,4,2,555,116.55,1226.55,e-Shop,Bags,Men,03-12-1992,M,1
91866192175,274902,,10,6,4,132,55.44,583.44,TeleShop,Home and kitchen,Kitchen,07-01-1981,M,1
51716973193,267426,,12,6,4,1475,619.5,6519.5,Flagship store,Home and kitchen,Tools,18-11-1981,M,1
96458866652,269286,,1,2,4,1261,529.62,5573.62,MBR,Footwear,Men,24-03-1986,M,1
73491116973,270998,,10,3,1,522,54.81,576.81,MBR,Electronics,Audio and video,24-04-1985,M,1
96400874447,273928,,12,6,3,964,303.66,3195.66,Flagship store,Home and kitchen,Tools,27-04-1976,M,1
1551902938,273081,,4,2,3,-880,277.2,2917.2,MBR,Footwear,Kids,05-03-1991,M,1
69593026809,274101,,3,5,1,121,12.705,133.705,MBR,Books,Comics,01-02-1971,M,1
55538130925,270234,,4,3,1,665,69.825,734.825,e-Shop,Electronics,Mobiles,26-12-1975,M,1
71994606051,271475,,4,2,3,1047,329.805,3470.805,e-Shop,Footwear,Kids,12-04-1992,M,1
44297126732,268392,,12,6,1,1360,142.8,1502.8,e-Shop,Home and kitchen,Tools,13-09-1987,M,1
23568927231,267439,,5,3,2,1242,260.82,2744.82,MBR,Electronics,Computers,27-08-1972,M,1
1551902938,273081,,4,2,3,880,277.2,2917.2,MBR,Footwear,Kids,05-03-1991,M,1
1215875049,267407,,7,5,1,1217,127.785,1344.785,TeleShop,Books,Fiction,11-09-1984,M,1
69975984871,271330,,8,3,5,328,172.2,1812.2,e-Shop,Electronics,Personal Appliances,20-02-1982,M,1
12794290176,272766,,3,1,4,384,161.28,1697.28,e-Shop,Clothing,Kids,29-03-1982,M,1
43819560068,269691,,8,3,1,719,75.495,794.495,e-Shop,Electronics,Personal Appliances,08-05-1974,M,1
26167870162,270721,,4,4,2,800,168.0,1768.0,MBR,Bags,Women,20-08-1972,M,1
16748925066,271286,,11,5,4,1212,509.04,5357.04,MBR,Books,Children,10-09-1970,M,1
52342659186,268458,,5,3,2,1361,285.81,3007.81,Flagship store,Electronics,Computers,10-08-1976,M,1
60721129883,274625,,2,6,3,1194,376.11,3958.11,Flagship store,Home and kitchen,Furnishing,28-07-1980,M,1
60949296542,273928,,4,4,1,1083,113.715,1196.715,e-Shop,Bags,Women,27-04-1976,M,1
24385463216,268995,,9,3,1,1451,152.355,1603.355,MBR,Electronics,Cameras,04-07-1976,M,1
24428942560,273243,,1,1,5,800,420.0,4420.0,Flagship store,Clothing,Women,16-03-1992,M,1
38311914601,269181,,3,5,1,1073,112.665,1185.665,e-Shop,Books,Comics,14-05-1985,M,1
23782668007,268649,,9,3,5,610,320.25,3370.25,e-Shop,Electronics,Cameras,26-06-1983,M,1
13407077428,271418,,12,6,4,-258,108.36,1140.36,e-Shop,Home and kitchen,Tools,27-07-1975,M,1
17852484526,273346,,1,2,3,-1203,378.945,3987.945,e-Shop,Footwear,Men,22-07-1989,M,1
41726898983,268835,,3,1,1,470,49.35,519.35,TeleShop,Clothing,Kids,23-06-1986,M,1
83304619240,275031,,10,5,4,861,361.62,3805.62,Flagship store,Books,Non-Fiction,11-03-1977,M,1
62207101095,269050,,6,5,3,342,107.73,1133.73,e-Shop,Books,DIY,15-09-1984,M,1
87461086222,273906,,3,2,3,517,162.855,1713.855,e-Shop,Footwear,Women,18-12-1974,M,1
12522489268,271314,,1,2,3,731,230.265,2423.265,Flagship store,Footwear,Men,04-08-1974,M,1
28593294397,270766,,9,3,5,340,178.5,1878.5,MBR,Electronics,Cameras,24-03-1975,M,1
3989876546,272998,,7,5,2,1337,280.77,2954.77,Flagship store,Books,Fiction,05-08-1975,M,1
65566320939,273613,,4,3,5,1451,761.775,8016.775,MBR,Electronics,Mobiles,06-02-1970,M,1
73276564939,269050,,1,2,5,515,270.375,2845.375,TeleShop,Footwear,Men,15-09-1984,M,1
22041259370,269802,,6,5,4,377,158.34,1666.34,TeleShop,Books,DIY,26-05-1981,M,1
88980671105,274959,,3,5,5,1465,769.125,8094.125,MBR,Books,Comics,28-03-1981,M,1
15041625788,271524,,1,4,2,651,136.71,1438.71,MBR,Bags,Men,28-08-1987,M,1
54980329378,271873,,6,5,2,1206,253.26,2665.26,TeleShop,Books,DIY,17-04-1972,M,1
32915370111,273187,,10,3,3,902,284.13,2990.13,e-Shop,Electronics,Audio and video,22-01-1984,M,1
23673342193,274496,,4,4,4,1008,423.36,4455.36,TeleShop,Bags,Women,11-01-1974,M,1
5238564912,267891,,10,5,2,-1300,273.0,2873.0,e-Shop,Books,Non-Fiction,19-06-1989,M,1
14273323661,267084,,4,3,1,778,81.69,859.69,MBR,Electronics,Mobiles,27-03-1978,M,1
1115149945,267748,,10,6,3,93,29.295,308.295,MBR,Home and kitchen,Kitchen,29-05-1981,M,1
31837007755,273400,,12,5,3,1351,425.565,4478.565,Flagship store,Books,Academic,15-04-1986,M,1
5238564912,267891,,10,5,2,1300,273.0,2873.0,e-Shop,Books,Non-Fiction,19-06-1989,M,1
51359807387,267189,,9,3,1,316,33.18,349.18,e-Shop,Electronics,Cameras,23-05-1977,M,1
35572979303,269236,,10,5,5,-1287,675.675,7110.675,Flagship store,Books,Non-Fiction,09-11-1978,M,1
30631039123,267084,,2,6,3,1477,465.255,4896.255,MBR,Home and kitchen,Furnishing,27-03-1978,M,1
92187121975,274415,,5,3,5,1440,756.0,7956.0,MBR,Electronics,Computers,22-05-1981,M,1
85157711514,274168,,11,6,5,510,267.75,2817.75,Flagship store,Home and kitchen,Bath,13-03-1983,M,1
33749195598,274168,,3,5,3,879,276.885,2913.885,Flagship store,Books,Comics,13-03-1983,M,1
83030172554,269597,,10,6,4,807,338.94,3566.94,TeleShop,Home and kitchen,Kitchen,18-08-1980,M,1
76550965196,271385,,8,3,4,316,132.72,1396.72,MBR,Electronics,Personal Appliances,08-12-1992,M,1
65667709480,274189,,6,5,2,1116,234.36,2466.36,e-Shop,Books,DIY,12-03-1991,M,1
83123798746,274313,,10,6,1,1105,116.025,1221.025,MBR,Home and kitchen,Kitchen,22-06-1975,M,1
33717987022,270182,,10,3,5,1020,535.5,5635.5,TeleShop,Electronics,Audio and video,17-07-1975,M,1
99547706002,271323,,3,2,4,77,32.34,340.34,e-Shop,Footwear,Women,02-02-1971,M,1
53316816036,269657,,11,6,1,402,42.21,444.21,Flagship store,Home and kitchen,Bath,02-08-1983,M,1
10050013657,268886,,11,6,5,85,44.625,469.625,Flagship store,Home and kitchen,Bath,03-08-1992,M,1
82489678825,269362,,4,1,4,634,266.28,2802.28,MBR,Clothing,Men,18-08-1984,M,1
32872574531,267182,,12,6,2,351,73.71,775.71,e-Shop,Home and kitchen,Tools,18-10-1989,M,1
13561585272,272766,,2,6,1,1000,105.0,1105.0,e-Shop,Home and kitchen,Furnishing,29-03-1982,M,1
12073957250,274881,,12,5,5,406,213.15,2243.15,Flagship store,Books,Academic,27-04-1977,M,1
2032058518,266841,,4,4,4,304,127.68,1343.68,TeleShop,Bags,Women,02-03-1991,M,1
62028528979,271302,,3,5,5,-1387,728.175,7663.175,e-Shop,Books,Comics,22-05-1987,M,1
69994723675,275031,,10,5,2,-1079,226.59,2384.59,Flagship store,Books,Non-Fiction,11-03-1977,M,1
36365087113,267439,,4,4,5,1318,691.95,7281.95,TeleShop,Bags,Women,27-08-1972,M,1
926053828,271302,,12,5,2,255,53.55,563.55,e-Shop,Books,Academic,22-05-1987,M,1
72498209486,266999,,4,3,3,161,50.715,533.715,Flagship store,Electronics,Mobiles,13-01-1989,M,1
90653829850,271302,,10,5,3,592,186.48,1962.48,MBR,Books,Non-Fiction,22-05-1987,M,1
32008855485,267105,,9,3,3,1297,408.555,4299.555,MBR,Electronics,Cameras,22-11-1986,M,1
9747618858,271349,,7,5,3,178,56.07,590.07,e-Shop,Books,Fiction,29-08-1989,M,1
19906902040,274363,,7,5,4,456,191.52,2015.52,Flagship store,Books,Fiction,28-06-1973,M,1
30130270493,273346,,3,2,3,464,146.16,1538.16,TeleShop,Footwear,Women,22-07-1989,M,1
1453192701,274748,,3,1,3,607,191.205,2012.205,TeleShop,Clothing,Kids,22-06-1991,M,1
26771859374,274601,,5,3,5,673,353.325,3718.325,MBR,Electronics,Computers,03-07-1991,M,1
31793268077,267330,,11,5,5,-93,48.825,513.825,Flagship store,Books,Children,20-06-1989,M,1
31793268077,267330,,11,5,5,-93,48.825,513.825,Flagship store,Books,Children,20-06-1989,M,1
27498876594,270357,,3,2,5,-440,231.0,2431.0,Flagship store,Footwear,Women,12-09-1982,M,1
80387739201,267439,,11,6,3,-1003,315.945,3324.945,e-Shop,Home and kitchen,Bath,27-08-1972,M,1
54928724595,274902,,7,5,4,522,219.24,2307.24,e-Shop,Books,Fiction,07-01-1981,M,1
27498876594,270357,,3,2,5,440,231.0,2431.0,Flagship store,Footwear,Women,12-09-1982,M,1
31793268077,267330,,11,5,5,93,48.825,513.825,Flagship store,Books,Children,20-06-1989,M,1
91552507772,273337,,10,3,3,237,74.655,785.655,e-Shop,Electronics,Audio and video,08-01-1991,M,1
74694628386,267105,,4,3,3,913,287.595,3026.595,MBR,Electronics,Mobiles,22-11-1986,M,1
55295817493,270598,,10,5,2,1338,280.98,2956.98,MBR,Books,Non-Fiction,21-06-1974,M,1
47130033567,273262,,10,6,1,205,21.525,226.525,Flagship store,Home and kitchen,Kitchen,17-06-1986,M,1
86998434657,269192,,5,3,5,1245,653.625,6878.625,Flagship store,Electronics,Computers,06-07-1984,M,1
64481983214,268835,,7,5,5,776,407.4,4287.4,e-Shop,Books,Fiction,23-06-1986,M,1
80703454401,271894,,12,5,1,1263,132.615,1395.615,MBR,Books,Academic,27-11-1992,M,1
157736425,274625,,3,5,3,213,67.095,706.095,MBR,Books,Comics,28-07-1980,M,1
87450823654,268458,,3,1,4,777,326.34,3434.34,e-Shop,Clothing,Kids,10-08-1976,M,1
7057636850,270258,,6,5,2,137,28.77,302.77,Flagship store,Books,DIY,16-04-1978,M,1
77334873428,271961,,8,3,1,683,71.715,754.715,MBR,Electronics,Personal Appliances,15-01-1982,M,1
5139487450,269481,,4,4,5,-640,336.0,3536.0,Flagship store,Bags,Women,17-11-1981,M,1
42648216802,269393,,4,2,2,1100,231.0,2431.0,e-Shop,Footwear,Kids,24-08-1990,M,1
53669805505,267107,,4,1,3,395,124.425,1309.425,e-Shop,Clothing,Men,27-07-1977,M,1
55852252772,268651,,4,4,2,1230,258.3,2718.3,e-Shop,Bags,Women,16-02-1982,M,1
73089090764,270327,,10,5,3,502,158.13,1664.13,e-Shop,Books,Non-Fiction,12-02-1975,M,1
5139487450,269481,,4,4,5,640,336.0,3536.0,Flagship store,Bags,Women,17-11-1981,M,1
64528964565,271160,,10,6,5,-556,291.9,3071.9,MBR,Home and kitchen,Kitchen,07-03-1989,M,1
89232425133,268394,,12,6,3,-595,187.425,1972.425,e-Shop,Home and kitchen,Tools,09-08-1981,M,1
97942600110,269559,,4,3,5,679,356.475,3751.475,e-Shop,Electronics,Mobiles,24-06-1972,M,1
96294482446,269802,,8,3,3,474,149.31,1571.31,MBR,Electronics,Personal Appliances,26-05-1981,M,1
93476793231,267439,,4,4,1,310,32.55,342.55,MBR,Bags,Women,27-08-1972,M,1
64528964565,271160,,10,6,5,556,291.9,3071.9,MBR,Home and kitchen,Kitchen,07-03-1989,M,1
53738705917,271940,,2,6,5,1186,622.65,6552.65,e-Shop,Home and kitchen,Furnishing,16-09-1990,M,1
89232425133,268394,,12,6,3,-595,187.425,1972.425,e-Shop,Home and kitchen,Tools,09-08-1981,M,1
35139439601,274650,,4,2,3,1287,405.405,4266.405,e-Shop,Footwear,Kids,04-12-1986,M,1
21189986898,267174,,4,2,4,1405,590.1,6210.1,Flagship store,Footwear,Kids,16-11-1972,M,1
89232425133,268394,,12,6,3,595,187.425,1972.425,e-Shop,Home and kitchen,Tools,09-08-1981,M,1
66203413364,268656,,2,6,2,-1283,269.43,2835.43,TeleShop,Home and kitchen,Furnishing,01-04-1986,M,1
33567201253,272695,,4,3,3,112,35.28,371.28,e-Shop,Electronics,Mobiles,20-07-1980,M,1
22949573997,274101,,9,3,1,1492,156.66,1648.66,MBR,Electronics,Cameras,01-02-1971,M,1
16621125433,270598,,1,4,2,603,126.63,1332.63,e-Shop,Bags,Men,21-06-1974,M,1
41901986246,269269,,7,5,2,1122,235.62,2479.62,MBR,Books,Fiction,04-02-1981,M,1
80482431373,269966,,3,2,2,-277,58.17,612.17,e-Shop,Footwear,Women,13-12-1981,M,1
1295194508,267448,,10,5,4,1383,580.86,6112.86,MBR,Books,Non-Fiction,07-07-1977,M,1
44125492691,274748,,3,2,5,767,402.675,4237.675,e-Shop,Footwear,Women,22-06-1991,M,1
98774982858,267286,,5,3,5,1069,561.225,5906.225,e-Shop,Electronics,Computers,24-11-1979,M,1
53630353269,273330,,3,1,2,535,112.35,1182.35,Flagship store,Clothing,Kids,13-07-1972,M,1
65750070935,269013,,3,1,1,-86,9.03,95.03,TeleShop,Clothing,Kids,20-07-1972,M,1
16019247338,268692,,2,6,4,1179,495.18,5211.18,MBR,Home and kitchen,Furnishing,28-08-1974,M,1
80550167266,269802,,1,4,1,90,9.45,99.45,Flagship store,Bags,Men,26-05-1981,M,1
80178050598,270357,,10,3,2,147,30.87,324.87,TeleShop,Electronics,Audio and video,12-09-1982,M,1
39717578022,267713,,5,3,3,265,83.475,878.475,MBR,Electronics,Computers,03-09-1970,M,1
65750070935,269013,,3,1,1,86,9.03,95.03,TeleShop,Clothing,Kids,20-07-1972,M,1
93391290810,269134,,9,3,4,1448,608.16,6400.16,Flagship store,Electronics,Cameras,10-09-1985,M,1
95579712156,268467,,10,6,3,1099,346.185,3643.185,MBR,Home and kitchen,Kitchen,20-02-1980,M,1
75147099792,274582,,1,1,2,370,77.7,817.7,Flagship store,Clothing,Women,20-10-1976,M,1
39236737410,270721,,4,3,1,151,15.855,166.855,e-Shop,Electronics,Mobiles,20-08-1972,M,1
23161133879,269481,,5,3,1,195,20.475,215.475,TeleShop,Electronics,Computers,17-11-1981,M,1
45189460430,274605,,3,5,1,145,15.225,160.225,e-Shop,Books,Comics,03-12-1992,M,1
55646334684,272661,,5,3,3,536,168.84,1776.84,e-Shop,Electronics,Computers,14-09-1983,M,1
54421466964,273569,,1,1,2,94,19.74,207.74,MBR,Clothing,Women,13-01-1989,M,1
4388307616,269476,,4,4,3,901,283.815,2986.815,e-Shop,Bags,Women,03-06-1976,M,1
79213230073,269146,,1,1,4,706,296.52,3120.52,Flagship store,Clothing,Women,21-10-1984,M,1
84098842565,268458,,12,6,2,533,111.93,1177.93,e-Shop,Home and kitchen,Tools,10-08-1976,M,1
23437066139,272450,,10,6,2,859,180.39,1898.39,e-Shop,Home and kitchen,Kitchen,08-05-1986,M,1
75119340681,271337,,7,5,3,1484,467.46,4919.46,e-Shop,Books,Fiction,17-08-1980,M,1
88612073742,269307,,11,5,5,979,513.975,5408.975,e-Shop,Books,Children,03-09-1975,M,1
84151698434,274415,,3,2,1,640,67.2,707.2,MBR,Footwear,Women,22-05-1981,M,1
20704065937,267316,,9,3,1,827,86.835,913.835,TeleShop,Electronics,Cameras,22-02-1992,M,1
22224461982,273308,,8,3,1,1257,131.985,1388.985,e-Shop,Electronics,Personal Appliances,28-11-1972,M,1
34422500420,271314,,5,3,3,129,40.635,427.635,Flagship store,Electronics,Computers,04-08-1974,M,1
224649899,267182,,12,5,1,337,35.385,372.385,Flagship store,Books,Academic,18-10-1989,M,1
49913275045,271593,,10,5,2,1378,289.38,3045.38,e-Shop,Books,Non-Fiction,18-09-1977,M,1
25363839424,270466,,3,1,5,-485,254.625,2679.625,e-Shop,Clothing,Kids,24-07-1992,M,1
25363839424,270466,,3,1,5,485,254.625,2679.625,e-Shop,Clothing,Kids,24-07-1992,M,1
93198511405,273400,,4,1,3,1382,435.33,4581.33,e-Shop,Clothing,Men,15-04-1986,M,1
50533262656,270234,,4,3,3,-71,22.365,235.365,e-Shop,Electronics,Mobiles,26-12-1975,M,1
84546693198,271714,,10,6,2,1071,224.91,2366.91,e-Shop,Home and kitchen,Kitchen,01-01-1990,M,1
83733935118,271543,,1,4,2,180,37.8,397.8,e-Shop,Bags,Men,20-12-1973,M,1
86499709800,267211,,9,3,5,1031,541.275,5696.275,Flagship store,Electronics,Cameras,15-01-1988,M,1
67180414735,273569,,12,6,3,803,252.945,2661.945,MBR,Home and kitchen,Tools,13-01-1989,M,1
61242532071,269220,,1,1,4,504,211.68,2227.68,MBR,Clothing,Women,28-04-1981,M,1
50533262656,270234,,4,3,3,71,22.365,235.365,e-Shop,Electronics,Mobiles,26-12-1975,M,1
33649332490,269589,,4,3,1,1379,144.795,1523.795,e-Shop,Electronics,Mobiles,27-05-1977,M,1
36314665853,267555,,4,4,5,1304,684.6,7204.6,MBR,Bags,Women,22-11-1984,M,1
57861862367,267021,,3,5,1,1170,122.85,1292.85,e-Shop,Books,Comics,21-09-1982,M,1
87326492209,271286,,8,3,4,1107,464.94,4892.94,e-Shop,Electronics,Personal Appliances,10-09-1970,M,1
4917079509,271337,,11,5,1,710,74.55,784.55,e-Shop,Books,Children,17-08-1980,M,1
33645479463,273586,,1,4,5,439,230.475,2425.475,Flagship store,Bags,Men,26-05-1977,M,1
86108924908,271593,,11,6,4,575,241.5,2541.5,e-Shop,Home and kitchen,Bath,18-09-1977,M,1
71280968890,271516,,3,5,2,1087,228.27,2402.27,e-Shop,Books,Comics,12-06-1987,M,1
16599585793,268692,,7,5,1,216,22.68,238.68,MBR,Books,Fiction,28-08-1974,M,1
85867032160,274854,,4,1,1,183,19.215,202.215,MBR,Clothing,Men,07-02-1978,M,1
58988399355,267439,,5,3,4,759,318.78,3354.78,TeleShop,Electronics,Computers,27-08-1972,M,1
21655409468,272054,,9,3,5,940,493.5,5193.5,e-Shop,Electronics,Cameras,03-07-1973,M,1
62103287988,268715,,3,1,1,710,74.55,784.55,MBR,Clothing,Kids,27-02-1988,M,1
18627049388,273191,,3,1,2,713,149.73,1575.73,e-Shop,Clothing,Kids,16-11-1989,M,1
2089410967,275225,,1,1,5,420,220.5,2320.5,MBR,Clothing,Women,15-11-1978,M,1
9586411123,269919,,1,4,1,494,51.87,545.87,e-Shop,Bags,Men,11-10-1970,M,1
23634621922,275211,,4,2,3,339,106.785,1123.785,e-Shop,Footwear,Kids,23-05-1988,M,1
54326648700,270945,,1,1,4,353,148.26,1560.26,Flagship store,Clothing,Women,23-11-1970,M,1
3054230950,270258,,2,6,4,1112,467.04,4915.04,MBR,Home and kitchen,Furnishing,16-04-1978,M,1
50265391244,269181,,1,2,3,559,176.085,1853.085,e-Shop,Footwear,Men,14-05-1985,M,1
34425626782,269145,,12,6,3,1354,426.51,4488.51,e-Shop,Home and kitchen,Tools,04-12-1992,M,1
92204084589,269307,,5,3,2,-814,170.94,1798.94,MBR,Electronics,Computers,03-09-1975,M,1
54028620517,274022,,8,3,4,537,225.54,2373.54,e-Shop,Electronics,Personal Appliances,22-11-1981,M,1
47179423165,270872,,12,5,4,1153,484.26,5096.26,TeleShop,Books,Academic,10-03-1975,M,1
16935640395,269134,,6,5,2,965,202.65,2132.65,e-Shop,Books,DIY,10-09-1985,M,1
43962341567,269181,,4,4,3,987,310.905,3271.905,MBR,Bags,Women,14-05-1985,M,1
33687877140,272858,,4,3,1,1016,106.68,1122.68,TeleShop,Electronics,Mobiles,01-11-1990,M,1
75836865340,274902,,4,3,2,265,55.65,585.65,TeleShop,Electronics,Mobiles,07-01-1981,M,1
44292829259,273586,,9,3,2,671,140.91,1482.91,e-Shop,Electronics,Cameras,26-05-1977,M,1
92204084589,269307,,5,3,2,814,170.94,1798.94,MBR,Electronics,Computers,03-09-1975,M,1
46627499689,270234,,3,1,4,204,85.68,901.68,TeleShop,Clothing,Kids,26-12-1975,M,1
24796368146,274854,,9,3,5,286,150.15,1580.15,e-Shop,Electronics,Cameras,07-02-1978,M,1
37796013826,268288,,2,6,2,1053,221.13,2327.13,MBR,Home and kitchen,Furnishing,03-04-1991,M,1
77130817150,271285,,3,5,4,-984,413.28,4349.28,e-Shop,Books,Comics,10-03-1986,M,1
92865677098,273586,,3,5,2,409,85.89,903.89,TeleShop,Books,Comics,26-05-1977,M,1
4462806556,267316,,3,1,3,1093,344.295,3623.295,MBR,Clothing,Kids,22-02-1992,M,1
91809403785,267359,,1,4,1,1433,150.465,1583.465,TeleShop,Bags,Men,08-01-1971,M,1
16915576082,272314,,9,3,3,236,74.34,782.34,e-Shop,Electronics,Cameras,05-05-1973,M,1
37903203832,274972,,11,5,4,406,170.52,1794.52,MBR,Books,Children,18-12-1986,M,1
80195267228,268492,,4,4,2,781,164.01,1726.01,e-Shop,Bags,Women,17-02-1975,M,1
92291569524,266952,,12,6,1,1112,116.76,1228.76,Flagship store,Home and kitchen,Tools,26-06-1975,M,1
77130817150,271285,,3,5,4,984,413.28,4349.28,e-Shop,Books,Comics,10-03-1986,M,1
39800982139,266952,,4,2,3,1318,415.17,4369.17,e-Shop,Footwear,Kids,26-06-1975,M,1
91436828664,268440,,5,3,1,1194,125.37,1319.37,e-Shop,Electronics,Computers,07-04-1977,M,1
90668191207,268492,,12,6,4,135,56.7,596.7,TeleShop,Home and kitchen,Tools,17-02-1975,M,1
2045701593,267211,,8,3,4,510,214.2,2254.2,e-Shop,Electronics,Personal Appliances,15-01-1988,M,1
60997344147,269802,,12,6,4,1194,501.48,5277.48,MBR,Home and kitchen,Tools,26-05-1981,M,1
17336333462,268920,,12,6,4,896,376.32,3960.32,e-Shop,Home and kitchen,Tools,07-04-1972,M,1
59947807967,268804,,8,3,3,1034,325.71,3427.71,TeleShop,Electronics,Personal Appliances,19-05-1987,M,1
13170985660,271894,,6,5,5,1201,630.525,6635.525,MBR,Books,DIY,27-11-1992,M,1
58190941279,273330,,12,5,2,976,204.96,2156.96,Flagship store,Books,Academic,13-07-1972,M,1
35782540256,270234,,8,3,3,730,229.95,2419.95,Flagship store,Electronics,Personal Appliances,26-12-1975,M,1
30591686819,270766,,7,5,5,1364,716.1,7536.1,e-Shop,Books,Fiction,24-03-1975,M,1
85258742561,274650,,9,3,5,755,396.375,4171.375,Flagship store,Electronics,Cameras,04-12-1986,M,1
60770038660,274441,,6,5,3,563,177.345,1866.345,e-Shop,Books,DIY,22-03-1971,M,1
15298685362,269269,,11,6,4,1413,593.46,6245.46,MBR,Home and kitchen,Bath,04-02-1981,M,1
18301188842,266841,,12,6,5,1322,694.05,7304.05,e-Shop,Home and kitchen,Tools,02-03-1991,M,1
71165621245,267403,,3,1,5,1328,697.2,7337.2,e-Shop,Clothing,Kids,13-11-1989,M,1
92163819139,271961,,2,6,2,1305,274.05,2884.05,e-Shop,Home and kitchen,Furnishing,15-01-1982,M,1
14458845311,268656,,4,2,4,228,95.76,1007.76,MBR,Footwear,Kids,01-04-1986,M,1
32139489460,266841,,10,3,5,1411,740.775,7795.775,Flagship store,Electronics,Audio and video,02-03-1991,M,1
18617681225,269236,,10,6,5,1043,547.575,5762.575,TeleShop,Home and kitchen,Kitchen,09-11-1978,M,1
19944345992,274496,,6,5,2,657,137.97,1451.97,e-Shop,Books,DIY,11-01-1974,M,1
17549319191,271160,,1,4,4,926,388.92,4092.92,TeleShop,Bags,Men,07-03-1989,M,1
80809115393,268084,,1,4,4,873,366.66,3858.66,TeleShop,Bags,Men,18-11-1970,M,1
60598394229,269146,,4,1,1,1125,118.125,1243.125,e-Shop,Clothing,Men,21-10-1984,M,1
35710053851,271863,,10,3,1,-1438,150.99,1588.99,MBR,Electronics,Audio and video,19-08-1971,M,1
62175212563,270998,,3,5,4,586,246.12,2590.12,e-Shop,Books,Comics,24-04-1985,M,1
22338497880,267085,,10,6,2,1239,260.19,2738.19,e-Shop,Home and kitchen,Kitchen,13-06-1978,M,1
88147828695,268763,,1,4,2,1400,294.0,3094.0,TeleShop,Bags,Men,09-02-1977,M,1
35710053851,271863,,10,3,1,1438,150.99,1588.99,MBR,Electronics,Audio and video,19-08-1971,M,1
37686564846,273928,,3,1,3,524,165.06,1737.06,TeleShop,Clothing,Kids,27-04-1976,M,1
89585427732,268136,,11,6,2,-863,181.23,1907.23,TeleShop,Home and kitchen,Bath,13-09-1974,M,1
89585427732,268136,,11,6,2,863,181.23,1907.23,TeleShop,Home and kitchen,Bath,13-09-1974,M,1
96800501831,271441,,1,4,1,114,11.97,125.97,TeleShop,Bags,Men,06-08-1989,M,1
4807969705,270270,,10,6,4,703,295.26,3107.26,e-Shop,Home and kitchen,Kitchen,05-03-1980,M,1
78481434762,267555,,4,4,3,1010,318.15,3348.15,MBR,Bags,Women,22-11-1984,M,1
99749033696,269050,,10,6,1,215,22.575,237.575,TeleShop,Home and kitchen,Kitchen,15-09-1984,M,1
61078263960,269181,,6,5,1,215,22.575,237.575,e-Shop,Books,DIY,14-05-1985,M,1
4023933952,270270,,1,4,5,1128,592.2,6232.2,Flagship store,Bags,Men,05-03-1980,M,1
47727536928,270240,,4,2,2,881,185.01,1947.01,Flagship store,Footwear,Kids,07-12-1988,M,1
24596263922,274582,,4,2,1,1357,142.485,1499.485,TeleShop,Footwear,Kids,20-10-1976,M,1
19480626764,269236,,3,2,5,840,441.0,4641.0,e-Shop,Footwear,Women,09-11-1978,M,1
